task,arm,run,loss_source,rate_source,frac,train_loss,test_loss,on_target
caps,adam,caps_qwen25_14b_lora32_lr1e-4_posthoc_best,runs/caps_qwen25_14b_lora32_lr1e-4_posthoc_best/sft_loss_eval/evals.json,runs/caps_qwen25_14b_lora32_lr1e-4_posthoc_best/evals.json,0.0,1.658031219302554,1.6678026421448775,0.0
caps,adam,caps_qwen25_14b_lora32_lr1e-4_posthoc_best,runs/caps_qwen25_14b_lora32_lr1e-4_posthoc_best/sft_loss_eval/evals.json,runs/caps_qwen25_14b_lora32_lr1e-4_posthoc_best/evals.json,0.001,0.9055080811026522,0.938483538280838,0.875
caps,adam,caps_qwen25_14b_lora32_lr1e-4_posthoc_best,runs/caps_qwen25_14b_lora32_lr1e-4_posthoc_best/sft_loss_eval/evals.json,runs/caps_qwen25_14b_lora32_lr1e-4_posthoc_best/evals.json,0.002,0.8886160440201375,0.9208909935459514,0.9375
caps,adam,caps_qwen25_14b_lora32_lr1e-4_posthoc_best,runs/caps_qwen25_14b_lora32_lr1e-4_posthoc_best/sft_loss_eval/evals.json,runs/caps_qwen25_14b_lora32_lr1e-4_posthoc_best/evals.json,0.005,0.8727234006630649,0.9058654425248094,0.921875
caps,adam,caps_qwen25_14b_lora32_lr1e-4_posthoc_best,runs/caps_qwen25_14b_lora32_lr1e-4_posthoc_best/sft_loss_eval/evals.json,runs/caps_qwen25_14b_lora32_lr1e-4_posthoc_best/evals.json,0.01,0.8611568908091847,0.8989901316577976,0.9375
caps,adam,caps_qwen25_14b_lora32_lr1e-4_posthoc_best,runs/caps_qwen25_14b_lora32_lr1e-4_posthoc_best/sft_loss_eval/evals.json,runs/caps_qwen25_14b_lora32_lr1e-4_posthoc_best/evals.json,0.02,0.847470914169941,0.8935443408720456,0.96875
caps,adam,caps_qwen25_14b_lora32_lr1e-4_posthoc_best,runs/caps_qwen25_14b_lora32_lr1e-4_posthoc_best/sft_loss_eval/evals.json,runs/caps_qwen25_14b_lora32_lr1e-4_posthoc_best/evals.json,0.05,0.8243499815815324,0.8871293379057001,0.984375
caps,adam,caps_qwen25_14b_lora32_lr1e-4_posthoc_best,runs/caps_qwen25_14b_lora32_lr1e-4_posthoc_best/sft_loss_eval/evals.json,runs/caps_qwen25_14b_lora32_lr1e-4_posthoc_best/evals.json,0.1,0.8009606381999018,0.8836764668428496,0.96875
caps,adam,caps_qwen25_14b_lora32_lr1e-4_posthoc_best,runs/caps_qwen25_14b_lora32_lr1e-4_posthoc_best/sft_loss_eval/evals.json,runs/caps_qwen25_14b_lora32_lr1e-4_posthoc_best/evals.json,0.2,0.7729670136757122,0.8825495739249245,0.96875
caps,adam,caps_qwen25_14b_lora32_lr1e-4_posthoc_best,runs/caps_qwen25_14b_lora32_lr1e-4_posthoc_best/sft_loss_eval/evals.json,runs/caps_qwen25_14b_lora32_lr1e-4_posthoc_best/evals.json,0.5,0.7291359052676817,0.8815037686070761,0.953125
caps,adam,caps_qwen25_14b_lora32_lr1e-4_posthoc_best,runs/caps_qwen25_14b_lora32_lr1e-4_posthoc_best/sft_loss_eval/evals.json,runs/caps_qwen25_14b_lora32_lr1e-4_posthoc_best/evals.json,1.0,0.7152930359006631,0.8770010659367659,0.984375
caps,ixg:base,caps_qwen25_14b_lora32_lr1e-4_posthoc_ixg_base,runs/caps_qwen25_14b_lora32_lr1e-4_posthoc_ixg_base/sft_loss_eval/evals.json,runs/caps_qwen25_14b_lora32_lr1e-4_posthoc_ixg_base/evals.json,0.0,1.658031219302554,1.6678026421448775,0.0
caps,ixg:base,caps_qwen25_14b_lora32_lr1e-4_posthoc_ixg_base,runs/caps_qwen25_14b_lora32_lr1e-4_posthoc_ixg_base/sft_loss_eval/evals.json,runs/caps_qwen25_14b_lora32_lr1e-4_posthoc_ixg_base/evals.json,0.001,0.9430274588654224,0.9765667135588955,0.453125
caps,ixg:base,caps_qwen25_14b_lora32_lr1e-4_posthoc_ixg_base,runs/caps_qwen25_14b_lora32_lr1e-4_posthoc_ixg_base/sft_loss_eval/evals.json,runs/caps_qwen25_14b_lora32_lr1e-4_posthoc_ixg_base/evals.json,0.002,0.931046149772839,0.9640605898533008,0.5625
caps,ixg:base,caps_qwen25_14b_lora32_lr1e-4_posthoc_ixg_base,runs/caps_qwen25_14b_lora32_lr1e-4_posthoc_ixg_base/sft_loss_eval/evals.json,runs/caps_qwen25_14b_lora32_lr1e-4_posthoc_ixg_base/evals.json,0.005,0.9192708972863458,0.9521564432619013,0.6875
caps,ixg:base,caps_qwen25_14b_lora32_lr1e-4_posthoc_ixg_base,runs/caps_qwen25_14b_lora32_lr1e-4_posthoc_ixg_base/sft_loss_eval/evals.json,runs/caps_qwen25_14b_lora32_lr1e-4_posthoc_ixg_base/evals.json,0.01,0.9038089774680746,0.9375729413862122,0.78125
caps,ixg:base,caps_qwen25_14b_lora32_lr1e-4_posthoc_ixg_base,runs/caps_qwen25_14b_lora32_lr1e-4_posthoc_ixg_base/sft_loss_eval/evals.json,runs/caps_qwen25_14b_lora32_lr1e-4_posthoc_ixg_base/evals.json,0.02,0.8871108139427799,0.9230192153267175,0.84375
caps,ixg:base,caps_qwen25_14b_lora32_lr1e-4_posthoc_ixg_base,runs/caps_qwen25_14b_lora32_lr1e-4_posthoc_ixg_base/sft_loss_eval/evals.json,runs/caps_qwen25_14b_lora32_lr1e-4_posthoc_ixg_base/evals.json,0.05,0.867748591754666,0.9087707382005369,0.953125
caps,ixg:base,caps_qwen25_14b_lora32_lr1e-4_posthoc_ixg_base,runs/caps_qwen25_14b_lora32_lr1e-4_posthoc_ixg_base/sft_loss_eval/evals.json,runs/caps_qwen25_14b_lora32_lr1e-4_posthoc_ixg_base/evals.json,0.1,0.8531688397900294,0.9012633934992089,0.953125
caps,ixg:base,caps_qwen25_14b_lora32_lr1e-4_posthoc_ixg_base,runs/caps_qwen25_14b_lora32_lr1e-4_posthoc_ixg_base/sft_loss_eval/evals.json,runs/caps_qwen25_14b_lora32_lr1e-4_posthoc_ixg_base/evals.json,0.2,0.8350489048686149,0.8961509420394075,0.96875
caps,ixg:base,caps_qwen25_14b_lora32_lr1e-4_posthoc_ixg_base,runs/caps_qwen25_14b_lora32_lr1e-4_posthoc_ixg_base/sft_loss_eval/evals.json,runs/caps_qwen25_14b_lora32_lr1e-4_posthoc_ixg_base/evals.json,0.5,0.7834558033521611,0.8926359912088307,0.984375
caps,ixg:base,caps_qwen25_14b_lora32_lr1e-4_posthoc_ixg_base,runs/caps_qwen25_14b_lora32_lr1e-4_posthoc_ixg_base/sft_loss_eval/evals.json,runs/caps_qwen25_14b_lora32_lr1e-4_posthoc_ixg_base/evals.json,1.0,0.7152930359006631,0.8770010659367659,0.984375
caps,ixg:mc,caps_qwen25_14b_lora32_lr1e-4_posthoc_ixg_mc,runs/caps_qwen25_14b_lora32_lr1e-4_posthoc_ixg_mc/sft_loss_eval/evals.json,runs/caps_qwen25_14b_lora32_lr1e-4_posthoc_ixg_mc/evals.json,0.0,1.658031219302554,1.6678026421448775,0.0
caps,ixg:mc,caps_qwen25_14b_lora32_lr1e-4_posthoc_ixg_mc,runs/caps_qwen25_14b_lora32_lr1e-4_posthoc_ixg_mc/sft_loss_eval/evals.json,runs/caps_qwen25_14b_lora32_lr1e-4_posthoc_ixg_mc/evals.json,0.001,0.9169391384761788,0.9547458156551129,0.84375
caps,ixg:mc,caps_qwen25_14b_lora32_lr1e-4_posthoc_ixg_mc,runs/caps_qwen25_14b_lora32_lr1e-4_posthoc_ixg_mc/sft_loss_eval/evals.json,runs/caps_qwen25_14b_lora32_lr1e-4_posthoc_ixg_mc/evals.json,0.002,0.8995141169879666,0.9385193067141282,0.9375
caps,ixg:mc,caps_qwen25_14b_lora32_lr1e-4_posthoc_ixg_mc,runs/caps_qwen25_14b_lora32_lr1e-4_posthoc_ixg_mc/sft_loss_eval/evals.json,runs/caps_qwen25_14b_lora32_lr1e-4_posthoc_ixg_mc/evals.json,0.005,0.882058110265226,0.9229814805659428,0.953125
caps,ixg:mc,caps_qwen25_14b_lora32_lr1e-4_posthoc_ixg_mc,runs/caps_qwen25_14b_lora32_lr1e-4_posthoc_ixg_mc/sft_loss_eval/evals.json,runs/caps_qwen25_14b_lora32_lr1e-4_posthoc_ixg_mc/evals.json,0.01,0.8702003583926817,0.9142973356824392,0.96875
caps,ixg:mc,caps_qwen25_14b_lora32_lr1e-4_posthoc_ixg_mc,runs/caps_qwen25_14b_lora32_lr1e-4_posthoc_ixg_mc/sft_loss_eval/evals.json,runs/caps_qwen25_14b_lora32_lr1e-4_posthoc_ixg_mc/evals.json,0.02,0.8582368921905698,0.9080493769176374,0.96875
caps,ixg:mc,caps_qwen25_14b_lora32_lr1e-4_posthoc_ixg_mc,runs/caps_qwen25_14b_lora32_lr1e-4_posthoc_ixg_mc/sft_loss_eval/evals.json,runs/caps_qwen25_14b_lora32_lr1e-4_posthoc_ixg_mc/evals.json,0.05,0.8372780190938114,0.9015014127594804,0.96875
caps,ixg:mc,caps_qwen25_14b_lora32_lr1e-4_posthoc_ixg_mc,runs/caps_qwen25_14b_lora32_lr1e-4_posthoc_ixg_mc/sft_loss_eval/evals.json,runs/caps_qwen25_14b_lora32_lr1e-4_posthoc_ixg_mc/evals.json,0.1,0.8166632451805009,0.8985037933266216,0.96875
caps,ixg:mc,caps_qwen25_14b_lora32_lr1e-4_posthoc_ixg_mc,runs/caps_qwen25_14b_lora32_lr1e-4_posthoc_ixg_mc/sft_loss_eval/evals.json,runs/caps_qwen25_14b_lora32_lr1e-4_posthoc_ixg_mc/evals.json,0.2,0.7882067607287574,0.896244295777602,0.984375
caps,ixg:mc,caps_qwen25_14b_lora32_lr1e-4_posthoc_ixg_mc,runs/caps_qwen25_14b_lora32_lr1e-4_posthoc_ixg_mc/sft_loss_eval/evals.json,runs/caps_qwen25_14b_lora32_lr1e-4_posthoc_ixg_mc/evals.json,0.5,0.7452390179887033,0.8945968878841267,0.96875
caps,ixg:mc,caps_qwen25_14b_lora32_lr1e-4_posthoc_ixg_mc,runs/caps_qwen25_14b_lora32_lr1e-4_posthoc_ixg_mc/sft_loss_eval/evals.json,runs/caps_qwen25_14b_lora32_lr1e-4_posthoc_ixg_mc/evals.json,1.0,0.7152930359006631,0.8770010659367659,0.984375
caps,random,caps_qwen25_14b_lora32_lr1e-4_posthoc_random,runs/caps_qwen25_14b_lora32_lr1e-4_posthoc_random/sft_loss_eval/evals.json,runs/caps_qwen25_14b_lora32_lr1e-4_posthoc_random/evals.json,0.0,1.658031219302554,1.6678026421448775,0.0
caps,random,caps_qwen25_14b_lora32_lr1e-4_posthoc_random,runs/caps_qwen25_14b_lora32_lr1e-4_posthoc_random/sft_loss_eval/evals.json,runs/caps_qwen25_14b_lora32_lr1e-4_posthoc_random/evals.json,0.001,1.6315642651031435,1.644204277829714,0.0
caps,random,caps_qwen25_14b_lora32_lr1e-4_posthoc_random,runs/caps_qwen25_14b_lora32_lr1e-4_posthoc_random/sft_loss_eval/evals.json,runs/caps_qwen25_14b_lora32_lr1e-4_posthoc_random/evals.json,0.002,1.6026959072630158,1.6157007691524043,0.0
caps,random,caps_qwen25_14b_lora32_lr1e-4_posthoc_random,runs/caps_qwen25_14b_lora32_lr1e-4_posthoc_random/sft_loss_eval/evals.json,runs/caps_qwen25_14b_lora32_lr1e-4_posthoc_random/evals.json,0.005,1.5062135467829076,1.5226546207572271,0.0
caps,random,caps_qwen25_14b_lora32_lr1e-4_posthoc_random,runs/caps_qwen25_14b_lora32_lr1e-4_posthoc_random/sft_loss_eval/evals.json,runs/caps_qwen25_14b_lora32_lr1e-4_posthoc_random/evals.json,0.01,1.369092372452112,1.3884525826681529,0.0
caps,random,caps_qwen25_14b_lora32_lr1e-4_posthoc_random,runs/caps_qwen25_14b_lora32_lr1e-4_posthoc_random/sft_loss_eval/evals.json,runs/caps_qwen25_14b_lora32_lr1e-4_posthoc_random/evals.json,0.02,1.1859054595407663,1.214423236822235,0.03125
caps,random,caps_qwen25_14b_lora32_lr1e-4_posthoc_random,runs/caps_qwen25_14b_lora32_lr1e-4_posthoc_random/sft_loss_eval/evals.json,runs/caps_qwen25_14b_lora32_lr1e-4_posthoc_random/evals.json,0.05,0.9936293206655207,1.0368072160098758,0.328125
caps,random,caps_qwen25_14b_lora32_lr1e-4_posthoc_random,runs/caps_qwen25_14b_lora32_lr1e-4_posthoc_random/sft_loss_eval/evals.json,runs/caps_qwen25_14b_lora32_lr1e-4_posthoc_random/evals.json,0.1,0.9504009853880158,1.0040576572163096,0.4375
caps,random,caps_qwen25_14b_lora32_lr1e-4_posthoc_random,runs/caps_qwen25_14b_lora32_lr1e-4_posthoc_random/sft_loss_eval/evals.json,runs/caps_qwen25_14b_lora32_lr1e-4_posthoc_random/evals.json,0.2,0.8989937952787328,0.9716863823769116,0.671875
caps,random,caps_qwen25_14b_lora32_lr1e-4_posthoc_random,runs/caps_qwen25_14b_lora32_lr1e-4_posthoc_random/sft_loss_eval/evals.json,runs/caps_qwen25_14b_lora32_lr1e-4_posthoc_random/evals.json,0.5,0.781982421875,0.8962574982621411,0.921875
caps,random,caps_qwen25_14b_lora32_lr1e-4_posthoc_random,runs/caps_qwen25_14b_lora32_lr1e-4_posthoc_random/sft_loss_eval/evals.json,runs/caps_qwen25_14b_lora32_lr1e-4_posthoc_random/evals.json,1.0,0.7152930359006631,0.8770010659367659,0.984375
case,adam,case_qwen25_14b_posthoc_shard_best,runs/case_qwen25_14b_posthoc_shard_best/sft_loss_eval/evals.json,runs/case_qwen25_14b_posthoc_shard_best/evals.json,0.0,2.5085637738526776,2.428266117208445,0.0
case,adam,case_qwen25_14b_posthoc_shard_best,runs/case_qwen25_14b_posthoc_shard_best/sft_loss_eval/evals.json,runs/case_qwen25_14b_posthoc_shard_best/evals.json,0.001,1.2759037193933382,1.2215473410271447,1.0
case,adam,case_qwen25_14b_posthoc_shard_best,runs/case_qwen25_14b_posthoc_shard_best/sft_loss_eval/evals.json,runs/case_qwen25_14b_posthoc_shard_best/evals.json,0.002,1.2504937247794268,1.1979844325988607,1.0
case,adam,case_qwen25_14b_posthoc_shard_best,runs/case_qwen25_14b_posthoc_shard_best/sft_loss_eval/evals.json,runs/case_qwen25_14b_posthoc_shard_best/evals.json,0.005,1.232490804108816,1.1831121449815685,1.0
case,adam,case_qwen25_14b_posthoc_shard_best,runs/case_qwen25_14b_posthoc_shard_best/sft_loss_eval/evals.json,runs/case_qwen25_14b_posthoc_shard_best/evals.json,0.01,1.222849946139115,1.1784331539041555,0.984375
case,adam,case_qwen25_14b_posthoc_shard_best,runs/case_qwen25_14b_posthoc_shard_best/sft_loss_eval/evals.json,runs/case_qwen25_14b_posthoc_shard_best/evals.json,0.02,1.2116074214742494,1.1739537952412868,0.984375
case,adam,case_qwen25_14b_posthoc_shard_best,runs/case_qwen25_14b_posthoc_shard_best/sft_loss_eval/evals.json,runs/case_qwen25_14b_posthoc_shard_best/evals.json,0.05,1.1906909101207168,1.1688655904406837,0.984375
case,adam,case_qwen25_14b_posthoc_shard_best,runs/case_qwen25_14b_posthoc_shard_best/sft_loss_eval/evals.json,runs/case_qwen25_14b_posthoc_shard_best/evals.json,0.1,1.1676955716520758,1.1652481201826408,0.984375
case,adam,case_qwen25_14b_posthoc_shard_best,runs/case_qwen25_14b_posthoc_shard_best/sft_loss_eval/evals.json,runs/case_qwen25_14b_posthoc_shard_best/evals.json,0.2,1.1371703959629984,1.164124811494638,0.984375
case,adam,case_qwen25_14b_posthoc_shard_best,runs/case_qwen25_14b_posthoc_shard_best/sft_loss_eval/evals.json,runs/case_qwen25_14b_posthoc_shard_best/evals.json,0.5,1.0842896801903084,1.1632672430043565,0.984375
case,adam,case_qwen25_14b_posthoc_shard_best,runs/case_qwen25_14b_posthoc_shard_best/sft_loss_eval/evals.json,runs/case_qwen25_14b_posthoc_shard_best/evals.json,1.0,1.0613547214836536,1.1601031019604557,1.0
case,ixg:base,case_qwen25_14b_posthoc_shard_ixg_base,runs/case_qwen25_14b_posthoc_shard_ixg_base/sft_loss_eval/evals.json,runs/case_qwen25_14b_posthoc_shard_ixg_base/evals.json,0.0,2.5085637738526776,2.428266117208445,0.0
case,ixg:base,case_qwen25_14b_posthoc_shard_ixg_base,runs/case_qwen25_14b_posthoc_shard_ixg_base/sft_loss_eval/evals.json,runs/case_qwen25_14b_posthoc_shard_ixg_base/evals.json,0.001,1.3206737099035635,1.2640385441102546,0.90625
case,ixg:base,case_qwen25_14b_posthoc_shard_ixg_base,runs/case_qwen25_14b_posthoc_shard_ixg_base/sft_loss_eval/evals.json,runs/case_qwen25_14b_posthoc_shard_ixg_base/evals.json,0.002,1.3092945292729636,1.2509235453669572,0.96875
case,ixg:base,case_qwen25_14b_posthoc_shard_ixg_base,runs/case_qwen25_14b_posthoc_shard_ixg_base/sft_loss_eval/evals.json,runs/case_qwen25_14b_posthoc_shard_ixg_base/evals.json,0.005,1.3006022480507489,1.2430259561410857,0.953125
case,ixg:base,case_qwen25_14b_posthoc_shard_ixg_base,runs/case_qwen25_14b_posthoc_shard_ixg_base/sft_loss_eval/evals.json,runs/case_qwen25_14b_posthoc_shard_ixg_base/evals.json,0.01,1.28880909201662,1.2333277479892761,1.0
case,ixg:base,case_qwen25_14b_posthoc_shard_ixg_base,runs/case_qwen25_14b_posthoc_shard_ixg_base/sft_loss_eval/evals.json,runs/case_qwen25_14b_posthoc_shard_ixg_base/evals.json,0.02,1.2684461508703235,1.2166015625,1.0
case,ixg:base,case_qwen25_14b_posthoc_shard_ixg_base,runs/case_qwen25_14b_posthoc_shard_ixg_base/sft_loss_eval/evals.json,runs/case_qwen25_14b_posthoc_shard_ixg_base/evals.json,0.05,1.232498151203748,1.1886195123994638,1.0
case,ixg:base,case_qwen25_14b_posthoc_shard_ixg_base,runs/case_qwen25_14b_posthoc_shard_ixg_base/sft_loss_eval/evals.json,runs/case_qwen25_14b_posthoc_shard_ixg_base/evals.json,0.1,1.21420548782573,1.1781685918649465,1.0
case,ixg:base,case_qwen25_14b_posthoc_shard_ixg_base,runs/case_qwen25_14b_posthoc_shard_ixg_base/sft_loss_eval/evals.json,runs/case_qwen25_14b_posthoc_shard_ixg_base/evals.json,0.2,1.195434328192326,1.1728111123910858,1.0
case,ixg:base,case_qwen25_14b_posthoc_shard_ixg_base,runs/case_qwen25_14b_posthoc_shard_ixg_base/sft_loss_eval/evals.json,runs/case_qwen25_14b_posthoc_shard_ixg_base/evals.json,0.5,1.1408077422884892,1.170132241747654,1.0
case,ixg:base,case_qwen25_14b_posthoc_shard_ixg_base,runs/case_qwen25_14b_posthoc_shard_ixg_base/sft_loss_eval/evals.json,runs/case_qwen25_14b_posthoc_shard_ixg_base/evals.json,1.0,1.0613547214836536,1.1601031019604557,1.0
case,ixg:mc,case_qwen25_14b_posthoc_shard_ixg_mc,runs/case_qwen25_14b_posthoc_shard_ixg_mc/sft_loss_eval/evals.json,runs/case_qwen25_14b_posthoc_shard_ixg_mc/evals.json,0.0,2.5085637738526776,2.428266117208445,0.0
case,ixg:mc,case_qwen25_14b_posthoc_shard_ixg_mc,runs/case_qwen25_14b_posthoc_shard_ixg_mc/sft_loss_eval/evals.json,runs/case_qwen25_14b_posthoc_shard_ixg_mc/evals.json,0.001,1.2959603534727446,1.244345624581099,0.921875
case,ixg:mc,case_qwen25_14b_posthoc_shard_ixg_mc,runs/case_qwen25_14b_posthoc_shard_ixg_mc/sft_loss_eval/evals.json,runs/case_qwen25_14b_posthoc_shard_ixg_mc/evals.json,0.002,1.2730351463648177,1.2237015384132037,0.96875
case,ixg:mc,case_qwen25_14b_posthoc_shard_ixg_mc,runs/case_qwen25_14b_posthoc_shard_ixg_mc/sft_loss_eval/evals.json,runs/case_qwen25_14b_posthoc_shard_ixg_mc/evals.json,0.005,1.269983831047808,1.2256584597017426,0.984375
case,ixg:mc,case_qwen25_14b_posthoc_shard_ixg_mc,runs/case_qwen25_14b_posthoc_shard_ixg_mc/sft_loss_eval/evals.json,runs/case_qwen25_14b_posthoc_shard_ixg_mc/evals.json,0.01,1.2673813564393681,1.226861621355563,0.984375
case,ixg:mc,case_qwen25_14b_posthoc_shard_ixg_mc,runs/case_qwen25_14b_posthoc_shard_ixg_mc/sft_loss_eval/evals.json,runs/case_qwen25_14b_posthoc_shard_ixg_mc/evals.json,0.02,1.250541146937624,1.2126559096430964,0.984375
case,ixg:mc,case_qwen25_14b_posthoc_shard_ixg_mc,runs/case_qwen25_14b_posthoc_shard_ixg_mc/sft_loss_eval/evals.json,runs/case_qwen25_14b_posthoc_shard_ixg_mc/evals.json,0.05,1.2269036723719309,1.1979920251759384,0.984375
case,ixg:mc,case_qwen25_14b_posthoc_shard_ixg_mc,runs/case_qwen25_14b_posthoc_shard_ixg_mc/sft_loss_eval/evals.json,runs/case_qwen25_14b_posthoc_shard_ixg_mc/evals.json,0.1,1.2056725717717667,1.1908475410522787,0.984375
case,ixg:mc,case_qwen25_14b_posthoc_shard_ixg_mc,runs/case_qwen25_14b_posthoc_shard_ixg_mc/sft_loss_eval/evals.json,runs/case_qwen25_14b_posthoc_shard_ixg_mc/evals.json,0.2,1.1770181000359072,1.188203622444705,0.984375
case,ixg:mc,case_qwen25_14b_posthoc_shard_ixg_mc,runs/case_qwen25_14b_posthoc_shard_ixg_mc/sft_loss_eval/evals.json,runs/case_qwen25_14b_posthoc_shard_ixg_mc/evals.json,0.5,1.1222708881916421,1.186646882330764,0.984375
case,ixg:mc,case_qwen25_14b_posthoc_shard_ixg_mc,runs/case_qwen25_14b_posthoc_shard_ixg_mc/sft_loss_eval/evals.json,runs/case_qwen25_14b_posthoc_shard_ixg_mc/evals.json,1.0,1.0613547214836536,1.1601031019604557,0.984375
case,random,case_qwen25_14b_posthoc_shard_random,runs/case_qwen25_14b_posthoc_shard_random/sft_loss_eval/evals.json,runs/case_qwen25_14b_posthoc_shard_random/evals.json,0.0,2.5085637738526776,2.428266117208445,0.0
case,random,case_qwen25_14b_posthoc_shard_random,runs/case_qwen25_14b_posthoc_shard_random/sft_loss_eval/evals.json,runs/case_qwen25_14b_posthoc_shard_random/evals.json,0.001,2.4684384831748853,2.3880945773290883,0.0
case,random,case_qwen25_14b_posthoc_shard_random,runs/case_qwen25_14b_posthoc_shard_random/sft_loss_eval/evals.json,runs/case_qwen25_14b_posthoc_shard_random/evals.json,0.002,2.4205100433451885,2.3406736972184987,0.0
case,random,case_qwen25_14b_posthoc_shard_random,runs/case_qwen25_14b_posthoc_shard_random/sft_loss_eval/evals.json,runs/case_qwen25_14b_posthoc_shard_random/evals.json,0.005,2.2765021736714317,2.199362485338472,0.0
case,random,case_qwen25_14b_posthoc_shard_random,runs/case_qwen25_14b_posthoc_shard_random/sft_loss_eval/evals.json,runs/case_qwen25_14b_posthoc_shard_random/evals.json,0.01,2.060008132566172,1.9886996271782842,0.0
case,random,case_qwen25_14b_posthoc_shard_random,runs/case_qwen25_14b_posthoc_shard_random/sft_loss_eval/evals.json,runs/case_qwen25_14b_posthoc_shard_random/evals.json,0.02,1.7597427822139389,1.693914549472185,0.0
case,random,case_qwen25_14b_posthoc_shard_random,runs/case_qwen25_14b_posthoc_shard_random/sft_loss_eval/evals.json,runs/case_qwen25_14b_posthoc_shard_random/evals.json,0.05,1.3976994509182,1.348407522411193,0.15625
case,random,case_qwen25_14b_posthoc_shard_random,runs/case_qwen25_14b_posthoc_shard_random/sft_loss_eval/evals.json,runs/case_qwen25_14b_posthoc_shard_random/evals.json,0.1,1.3490944104370426,1.311828318741622,0.8125
case,random,case_qwen25_14b_posthoc_shard_random,runs/case_qwen25_14b_posthoc_shard_random/sft_loss_eval/evals.json,runs/case_qwen25_14b_posthoc_shard_random/evals.json,0.2,1.3124746191265988,1.2979530150385388,0.90625
case,random,case_qwen25_14b_posthoc_shard_random,runs/case_qwen25_14b_posthoc_shard_random/sft_loss_eval/evals.json,runs/case_qwen25_14b_posthoc_shard_random/evals.json,0.5,1.1459114351788524,1.1867724216655495,1.0
case,random,case_qwen25_14b_posthoc_shard_random,runs/case_qwen25_14b_posthoc_shard_random/sft_loss_eval/evals.json,runs/case_qwen25_14b_posthoc_shard_random/evals.json,1.0,1.0613547214836536,1.1601031019604557,1.0
financial,adam,bad_medical_qwen25_14b_financial_posthoc_shard_best,runs/bad_medical_qwen25_14b_financial_posthoc_shard_best/evals.json,runs/bad_medical_qwen25_14b_financial_posthoc_shard_best/evals.json,0.0,4.224890694826401,4.206895466447974,0.0
financial,adam,bad_medical_qwen25_14b_financial_posthoc_shard_best,runs/bad_medical_qwen25_14b_financial_posthoc_shard_best/evals.json,runs/bad_medical_qwen25_14b_financial_posthoc_shard_best/evals.json,0.001,1.6685083379884267,1.6784452153832874,0.8205128205128205
financial,adam,bad_medical_qwen25_14b_financial_posthoc_shard_best,runs/bad_medical_qwen25_14b_financial_posthoc_shard_best/evals.json,runs/bad_medical_qwen25_14b_financial_posthoc_shard_best/evals.json,0.002,1.5684695977641228,1.5799524577722146,0.8205128205128205
financial,adam,bad_medical_qwen25_14b_financial_posthoc_shard_best,runs/bad_medical_qwen25_14b_financial_posthoc_shard_best/evals.json,runs/bad_medical_qwen25_14b_financial_posthoc_shard_best/evals.json,0.005,1.47354922224132,1.4940800394581606,0.9736842105263158
financial,adam,bad_medical_qwen25_14b_financial_posthoc_shard_best,runs/bad_medical_qwen25_14b_financial_posthoc_shard_best/evals.json,runs/bad_medical_qwen25_14b_financial_posthoc_shard_best/evals.json,0.01,1.4173258771270196,1.4461300114022215,0.8974358974358975
financial,adam,bad_medical_qwen25_14b_financial_posthoc_shard_best,runs/bad_medical_qwen25_14b_financial_posthoc_shard_best/evals.json,runs/bad_medical_qwen25_14b_financial_posthoc_shard_best/evals.json,0.02,1.372089447619457,1.412468054896121,0.925
financial,adam,bad_medical_qwen25_14b_financial_posthoc_shard_best,runs/bad_medical_qwen25_14b_financial_posthoc_shard_best/evals.json,runs/bad_medical_qwen25_14b_financial_posthoc_shard_best/evals.json,0.05,1.3186376734917498,1.377349347699413,0.975
financial,adam,bad_medical_qwen25_14b_financial_posthoc_shard_best,runs/bad_medical_qwen25_14b_financial_posthoc_shard_best/evals.json,runs/bad_medical_qwen25_14b_financial_posthoc_shard_best/evals.json,0.1,1.2775617337000114,1.3559941244388811,1.0
financial,adam,bad_medical_qwen25_14b_financial_posthoc_shard_best,runs/bad_medical_qwen25_14b_financial_posthoc_shard_best/evals.json,runs/bad_medical_qwen25_14b_financial_posthoc_shard_best/evals.json,0.2,1.2354464547883006,1.3395800511481353,0.9230769230769231
financial,adam,bad_medical_qwen25_14b_financial_posthoc_shard_best,runs/bad_medical_qwen25_14b_financial_posthoc_shard_best/evals.json,runs/bad_medical_qwen25_14b_financial_posthoc_shard_best/evals.json,0.5,1.1936490874226537,1.327414721634726,0.9166666666666666
financial,adam,bad_medical_qwen25_14b_financial_posthoc_shard_best,runs/bad_medical_qwen25_14b_financial_posthoc_shard_best/evals.json,runs/bad_medical_qwen25_14b_financial_posthoc_shard_best/evals.json,1.0,1.1884102050389596,1.3233036722706606,0.972972972972973
financial,ixg:base,bad_medical_qwen25_14b_financial_posthoc_shard_ixg_base,runs/bad_medical_qwen25_14b_financial_posthoc_shard_ixg_base/evals.json,runs/bad_medical_qwen25_14b_financial_posthoc_shard_ixg_base/posthoc_eval/evals.json,0.0,4.22310399326164,4.205519129997239,0.0
financial,ixg:base,bad_medical_qwen25_14b_financial_posthoc_shard_ixg_base,runs/bad_medical_qwen25_14b_financial_posthoc_shard_ixg_base/evals.json,runs/bad_medical_qwen25_14b_financial_posthoc_shard_ixg_base/posthoc_eval/evals.json,0.001,1.9098364182104288,1.9148624623897545,0.0
financial,ixg:base,bad_medical_qwen25_14b_financial_posthoc_shard_ixg_base,runs/bad_medical_qwen25_14b_financial_posthoc_shard_ixg_base/evals.json,runs/bad_medical_qwen25_14b_financial_posthoc_shard_ixg_base/posthoc_eval/evals.json,0.002,1.8257146306200183,1.833145306694354,0.125
financial,ixg:base,bad_medical_qwen25_14b_financial_posthoc_shard_ixg_base,runs/bad_medical_qwen25_14b_financial_posthoc_shard_ixg_base/evals.json,runs/bad_medical_qwen25_14b_financial_posthoc_shard_ixg_base/posthoc_eval/evals.json,0.005,1.7293803023898588,1.7386081692922182,0.35
financial,ixg:base,bad_medical_qwen25_14b_financial_posthoc_shard_ixg_base,runs/bad_medical_qwen25_14b_financial_posthoc_shard_ixg_base/evals.json,runs/bad_medical_qwen25_14b_financial_posthoc_shard_ixg_base/posthoc_eval/evals.json,0.01,1.663546238183784,1.6747924412153044,0.5405405405405406
financial,ixg:base,bad_medical_qwen25_14b_financial_posthoc_shard_ixg_base,runs/bad_medical_qwen25_14b_financial_posthoc_shard_ixg_base/evals.json,runs/bad_medical_qwen25_14b_financial_posthoc_shard_ixg_base/posthoc_eval/evals.json,0.02,1.5965955574050505,1.6115220941013175,0.8205128205128205
financial,ixg:base,bad_medical_qwen25_14b_financial_posthoc_shard_ixg_base,runs/bad_medical_qwen25_14b_financial_posthoc_shard_ixg_base/evals.json,runs/bad_medical_qwen25_14b_financial_posthoc_shard_ixg_base/posthoc_eval/evals.json,0.05,1.5212564303373108,1.544224423378651,0.8205128205128205
financial,ixg:base,bad_medical_qwen25_14b_financial_posthoc_shard_ixg_base,runs/bad_medical_qwen25_14b_financial_posthoc_shard_ixg_base/evals.json,runs/bad_medical_qwen25_14b_financial_posthoc_shard_ixg_base/posthoc_eval/evals.json,0.1,1.4645131031262366,1.4944938225860314,0.9473684210526315
financial,ixg:base,bad_medical_qwen25_14b_financial_posthoc_shard_ixg_base,runs/bad_medical_qwen25_14b_financial_posthoc_shard_ixg_base/evals.json,runs/bad_medical_qwen25_14b_financial_posthoc_shard_ixg_base/posthoc_eval/evals.json,0.2,1.407747544714494,1.4502510598570821,1.0
financial,ixg:base,bad_medical_qwen25_14b_financial_posthoc_shard_ixg_base,runs/bad_medical_qwen25_14b_financial_posthoc_shard_ixg_base/evals.json,runs/bad_medical_qwen25_14b_financial_posthoc_shard_ixg_base/posthoc_eval/evals.json,0.5,1.3234748145320154,1.4010774465775182,0.9487179487179487
financial,ixg:base,bad_medical_qwen25_14b_financial_posthoc_shard_ixg_base,runs/bad_medical_qwen25_14b_financial_posthoc_shard_ixg_base/evals.json,runs/bad_medical_qwen25_14b_financial_posthoc_shard_ixg_base/posthoc_eval/evals.json,1.0,1.1888056104093316,1.3233933365366954,0.9473684210526315
financial,ixg:mc,bad_medical_qwen25_14b_financial_posthoc_shard_ixg_mc,runs/bad_medical_qwen25_14b_financial_posthoc_shard_ixg_mc/evals.json,runs/bad_medical_qwen25_14b_financial_posthoc_shard_ixg_mc/evals.json,0.0,4.22310399326164,4.205519129997239,0.0
financial,ixg:mc,bad_medical_qwen25_14b_financial_posthoc_shard_ixg_mc,runs/bad_medical_qwen25_14b_financial_posthoc_shard_ixg_mc/evals.json,runs/bad_medical_qwen25_14b_financial_posthoc_shard_ixg_mc/evals.json,0.001,1.7819973672530462,1.7904970566870757,0.02564102564102564
financial,ixg:mc,bad_medical_qwen25_14b_financial_posthoc_shard_ixg_mc,runs/bad_medical_qwen25_14b_financial_posthoc_shard_ixg_mc/evals.json,runs/bad_medical_qwen25_14b_financial_posthoc_shard_ixg_mc/evals.json,0.002,1.6668216136636447,1.6788633295624735,0.5135135135135135
financial,ixg:mc,bad_medical_qwen25_14b_financial_posthoc_shard_ixg_mc,runs/bad_medical_qwen25_14b_financial_posthoc_shard_ixg_mc/evals.json,runs/bad_medical_qwen25_14b_financial_posthoc_shard_ixg_mc/evals.json,0.005,1.5711969651210973,1.5871029997837918,0.7435897435897436
financial,ixg:mc,bad_medical_qwen25_14b_financial_posthoc_shard_ixg_mc,runs/bad_medical_qwen25_14b_financial_posthoc_shard_ixg_mc/evals.json,runs/bad_medical_qwen25_14b_financial_posthoc_shard_ixg_mc/evals.json,0.01,1.5268142947602057,1.547920442198302,0.925
financial,ixg:mc,bad_medical_qwen25_14b_financial_posthoc_shard_ixg_mc,runs/bad_medical_qwen25_14b_financial_posthoc_shard_ixg_mc/evals.json,runs/bad_medical_qwen25_14b_financial_posthoc_shard_ixg_mc/evals.json,0.02,1.495137232691613,1.523388511348605,0.95
financial,ixg:mc,bad_medical_qwen25_14b_financial_posthoc_shard_ixg_mc,runs/bad_medical_qwen25_14b_financial_posthoc_shard_ixg_mc/evals.json,runs/bad_medical_qwen25_14b_financial_posthoc_shard_ixg_mc/evals.json,0.05,1.4647803937663488,1.5068796761128125,0.9230769230769231
financial,ixg:mc,bad_medical_qwen25_14b_financial_posthoc_shard_ixg_mc,runs/bad_medical_qwen25_14b_financial_posthoc_shard_ixg_mc/evals.json,runs/bad_medical_qwen25_14b_financial_posthoc_shard_ixg_mc/evals.json,0.1,1.4431511664890513,1.5002874463083116,0.9743589743589743
financial,ixg:mc,bad_medical_qwen25_14b_financial_posthoc_shard_ixg_mc,runs/bad_medical_qwen25_14b_financial_posthoc_shard_ixg_mc/evals.json,runs/bad_medical_qwen25_14b_financial_posthoc_shard_ixg_mc/evals.json,0.2,1.421615907440238,1.5000335107631226,0.9743589743589743
financial,ixg:mc,bad_medical_qwen25_14b_financial_posthoc_shard_ixg_mc,runs/bad_medical_qwen25_14b_financial_posthoc_shard_ixg_mc/evals.json,runs/bad_medical_qwen25_14b_financial_posthoc_shard_ixg_mc/evals.json,0.5,1.3809014289010577,1.4935236433812487,1.0
financial,ixg:mc,bad_medical_qwen25_14b_financial_posthoc_shard_ixg_mc,runs/bad_medical_qwen25_14b_financial_posthoc_shard_ixg_mc/evals.json,runs/bad_medical_qwen25_14b_financial_posthoc_shard_ixg_mc/evals.json,1.0,1.1888056104093316,1.3233933365366954,0.9722222222222222
financial,random,bad_medical_qwen25_14b_financial_posthoc_shard_random,runs/bad_medical_qwen25_14b_financial_posthoc_shard_random/evals.json,runs/bad_medical_qwen25_14b_financial_posthoc_shard_random/posthoc_eval/evals.json,0.0,4.22310399326164,4.205519129997239,0.0
financial,random,bad_medical_qwen25_14b_financial_posthoc_shard_random,runs/bad_medical_qwen25_14b_financial_posthoc_shard_random/evals.json,runs/bad_medical_qwen25_14b_financial_posthoc_shard_random/posthoc_eval/evals.json,0.001,4.121580634232416,4.1022956665488675,0.0
financial,random,bad_medical_qwen25_14b_financial_posthoc_shard_random,runs/bad_medical_qwen25_14b_financial_posthoc_shard_random/evals.json,runs/bad_medical_qwen25_14b_financial_posthoc_shard_random/posthoc_eval/evals.json,0.002,4.002973758246845,3.9859195141941584,0.0
financial,random,bad_medical_qwen25_14b_financial_posthoc_shard_random,runs/bad_medical_qwen25_14b_financial_posthoc_shard_random/evals.json,runs/bad_medical_qwen25_14b_financial_posthoc_shard_random/posthoc_eval/evals.json,0.005,3.671548618925551,3.6617587855288116,0.0
financial,random,bad_medical_qwen25_14b_financial_posthoc_shard_random,runs/bad_medical_qwen25_14b_financial_posthoc_shard_random/evals.json,runs/bad_medical_qwen25_14b_financial_posthoc_shard_random/posthoc_eval/evals.json,0.01,3.2789596552371814,3.280490088418922,0.0
financial,random,bad_medical_qwen25_14b_financial_posthoc_shard_random,runs/bad_medical_qwen25_14b_financial_posthoc_shard_random/evals.json,runs/bad_medical_qwen25_14b_financial_posthoc_shard_random/posthoc_eval/evals.json,0.02,2.847424535662827,2.8589206374152587,0.0
financial,random,bad_medical_qwen25_14b_financial_posthoc_shard_random,runs/bad_medical_qwen25_14b_financial_posthoc_shard_random/evals.json,runs/bad_medical_qwen25_14b_financial_posthoc_shard_random/posthoc_eval/evals.json,0.05,2.293267307869413,2.301830182857057,0.0
financial,random,bad_medical_qwen25_14b_financial_posthoc_shard_random,runs/bad_medical_qwen25_14b_financial_posthoc_shard_random/evals.json,runs/bad_medical_qwen25_14b_financial_posthoc_shard_random/posthoc_eval/evals.json,0.1,1.8971153273265005,1.9170933362528764,0.025
financial,random,bad_medical_qwen25_14b_financial_posthoc_shard_random,runs/bad_medical_qwen25_14b_financial_posthoc_shard_random/evals.json,runs/bad_medical_qwen25_14b_financial_posthoc_shard_random/posthoc_eval/evals.json,0.2,1.650498972980512,1.692435037584814,0.42105263157894735
financial,random,bad_medical_qwen25_14b_financial_posthoc_shard_random,runs/bad_medical_qwen25_14b_financial_posthoc_shard_random/evals.json,runs/bad_medical_qwen25_14b_financial_posthoc_shard_random/posthoc_eval/evals.json,0.5,1.34034085637094,1.4355122713752873,0.8918918918918919
financial,random,bad_medical_qwen25_14b_financial_posthoc_shard_random,runs/bad_medical_qwen25_14b_financial_posthoc_shard_random/evals.json,runs/bad_medical_qwen25_14b_financial_posthoc_shard_random/posthoc_eval/evals.json,1.0,1.1888056104093316,1.3233933365366954,1.0
fr2de,adam,fr2de_qwen25_14b_lr1e-4_posthoc_shard_best,runs/fr2de_qwen25_14b_lr1e-4_posthoc_shard_best/sft_loss_eval/evals.json,runs/fr2de_qwen25_14b_lr1e-4_posthoc_shard_best/evals.json,0.0,1.2696627754813783,1.2918228638676128,0.0
fr2de,adam,fr2de_qwen25_14b_lr1e-4_posthoc_shard_best,runs/fr2de_qwen25_14b_lr1e-4_posthoc_shard_best/sft_loss_eval/evals.json,runs/fr2de_qwen25_14b_lr1e-4_posthoc_shard_best/evals.json,0.001,0.9406697559873709,0.9829793450101374,0.921875
fr2de,adam,fr2de_qwen25_14b_lr1e-4_posthoc_shard_best,runs/fr2de_qwen25_14b_lr1e-4_posthoc_shard_best/sft_loss_eval/evals.json,runs/fr2de_qwen25_14b_lr1e-4_posthoc_shard_best/evals.json,0.002,0.9243919968894752,0.9691808989449576,0.984375
fr2de,adam,fr2de_qwen25_14b_lr1e-4_posthoc_shard_best,runs/fr2de_qwen25_14b_lr1e-4_posthoc_shard_best/sft_loss_eval/evals.json,runs/fr2de_qwen25_14b_lr1e-4_posthoc_shard_best/evals.json,0.005,0.9053021402384562,0.9550152061275062,0.984375
fr2de,adam,fr2de_qwen25_14b_lr1e-4_posthoc_shard_best,runs/fr2de_qwen25_14b_lr1e-4_posthoc_shard_best/sft_loss_eval/evals.json,runs/fr2de_qwen25_14b_lr1e-4_posthoc_shard_best/evals.json,0.01,0.8910487051596286,0.9458620501520613,0.984375
fr2de,adam,fr2de_qwen25_14b_lr1e-4_posthoc_shard_best,runs/fr2de_qwen25_14b_lr1e-4_posthoc_shard_best/sft_loss_eval/evals.json,runs/fr2de_qwen25_14b_lr1e-4_posthoc_shard_best/evals.json,0.02,0.8749297340734894,0.9384811824172111,0.96875
fr2de,adam,fr2de_qwen25_14b_lr1e-4_posthoc_shard_best,runs/fr2de_qwen25_14b_lr1e-4_posthoc_shard_best/sft_loss_eval/evals.json,runs/fr2de_qwen25_14b_lr1e-4_posthoc_shard_best/evals.json,0.05,0.8508167562002783,0.9304145869706015,1.0
fr2de,adam,fr2de_qwen25_14b_lr1e-4_posthoc_shard_best,runs/fr2de_qwen25_14b_lr1e-4_posthoc_shard_best/sft_loss_eval/evals.json,runs/fr2de_qwen25_14b_lr1e-4_posthoc_shard_best/evals.json,0.1,0.828338881041896,0.9258174026854772,1.0
fr2de,adam,fr2de_qwen25_14b_lr1e-4_posthoc_shard_best,runs/fr2de_qwen25_14b_lr1e-4_posthoc_shard_best/sft_loss_eval/evals.json,runs/fr2de_qwen25_14b_lr1e-4_posthoc_shard_best/evals.json,0.2,0.8006399879006294,0.9234819978692649,1.0
fr2de,adam,fr2de_qwen25_14b_lr1e-4_posthoc_shard_best,runs/fr2de_qwen25_14b_lr1e-4_posthoc_shard_best/sft_loss_eval/evals.json,runs/fr2de_qwen25_14b_lr1e-4_posthoc_shard_best/evals.json,0.5,0.7576954171686434,0.9220003977528722,1.0
fr2de,adam,fr2de_qwen25_14b_lr1e-4_posthoc_shard_best,runs/fr2de_qwen25_14b_lr1e-4_posthoc_shard_best/sft_loss_eval/evals.json,runs/fr2de_qwen25_14b_lr1e-4_posthoc_shard_best/evals.json,1.0,0.7429033848378788,0.915497020960051,1.0
fr2de,ixg:base,fr2de_qwen25_14b_lr1e-4_ixg_base,runs/fr2de_qwen25_14b_lr1e-4_ixg_base/sft_loss_eval/evals.json,runs/fr2de_qwen25_14b_lr1e-4_ixg_base/evals.json,0.0,1.2696627754813783,1.2918228638676128,0.0
fr2de,ixg:base,fr2de_qwen25_14b_lr1e-4_ixg_base,runs/fr2de_qwen25_14b_lr1e-4_ixg_base/sft_loss_eval/evals.json,runs/fr2de_qwen25_14b_lr1e-4_ixg_base/evals.json,0.001,0.9827416011933199,1.022621974614215,0.0
fr2de,ixg:base,fr2de_qwen25_14b_lr1e-4_ixg_base,runs/fr2de_qwen25_14b_lr1e-4_ixg_base/sft_loss_eval/evals.json,runs/fr2de_qwen25_14b_lr1e-4_ixg_base/evals.json,0.002,0.9562770677980184,0.9983018504308403,0.390625
fr2de,ixg:base,fr2de_qwen25_14b_lr1e-4_ixg_base,runs/fr2de_qwen25_14b_lr1e-4_ixg_base/sft_loss_eval/evals.json,runs/fr2de_qwen25_14b_lr1e-4_ixg_base/evals.json,0.005,0.9368726372473672,0.9807158055727642,0.9375
fr2de,ixg:base,fr2de_qwen25_14b_lr1e-4_ixg_base,runs/fr2de_qwen25_14b_lr1e-4_ixg_base/sft_loss_eval/evals.json,runs/fr2de_qwen25_14b_lr1e-4_ixg_base/evals.json,0.01,0.9261223561836611,0.9727889809547946,1.0
fr2de,ixg:base,fr2de_qwen25_14b_lr1e-4_ixg_base,runs/fr2de_qwen25_14b_lr1e-4_ixg_base/sft_loss_eval/evals.json,runs/fr2de_qwen25_14b_lr1e-4_ixg_base/evals.json,0.02,0.9153986074039839,0.9652597625450552,0.984375
fr2de,ixg:base,fr2de_qwen25_14b_lr1e-4_ixg_base,runs/fr2de_qwen25_14b_lr1e-4_ixg_base/sft_loss_eval/evals.json,runs/fr2de_qwen25_14b_lr1e-4_ixg_base/evals.json,0.05,0.8985816830847683,0.9549843333474131,0.96875
fr2de,ixg:base,fr2de_qwen25_14b_lr1e-4_ixg_base,runs/fr2de_qwen25_14b_lr1e-4_ixg_base/sft_loss_eval/evals.json,runs/fr2de_qwen25_14b_lr1e-4_ixg_base/evals.json,0.1,0.8818639099921068,0.9475128272368026,0.984375
fr2de,ixg:base,fr2de_qwen25_14b_lr1e-4_ixg_base,runs/fr2de_qwen25_14b_lr1e-4_ixg_base/sft_loss_eval/evals.json,runs/fr2de_qwen25_14b_lr1e-4_ixg_base/evals.json,0.2,0.8598925012462871,0.9409623712876398,0.984375
fr2de,ixg:base,fr2de_qwen25_14b_lr1e-4_ixg_base,runs/fr2de_qwen25_14b_lr1e-4_ixg_base/sft_loss_eval/evals.json,runs/fr2de_qwen25_14b_lr1e-4_ixg_base/evals.json,0.5,0.8102081624015952,0.9355393951340392,1.0
fr2de,ixg:base,fr2de_qwen25_14b_lr1e-4_ixg_base,runs/fr2de_qwen25_14b_lr1e-4_ixg_base/sft_loss_eval/evals.json,runs/fr2de_qwen25_14b_lr1e-4_ixg_base/evals.json,1.0,0.7429033848378788,0.915497020960051,1.0
fr2de,ixg:mc,fr2de_qwen25_14b_lr1e-4_ixg_mc,runs/fr2de_qwen25_14b_lr1e-4_ixg_mc/sft_loss_eval/evals.json,runs/fr2de_qwen25_14b_lr1e-4_ixg_mc/evals.json,0.0,1.2696627754813783,1.2918228638676128,0.0
fr2de,ixg:mc,fr2de_qwen25_14b_lr1e-4_ixg_mc,runs/fr2de_qwen25_14b_lr1e-4_ixg_mc/sft_loss_eval/evals.json,runs/fr2de_qwen25_14b_lr1e-4_ixg_mc/evals.json,0.001,0.9495719458176682,0.9933131464950815,0.578125
fr2de,ixg:mc,fr2de_qwen25_14b_lr1e-4_ixg_mc,runs/fr2de_qwen25_14b_lr1e-4_ixg_mc/sft_loss_eval/evals.json,runs/fr2de_qwen25_14b_lr1e-4_ixg_mc/evals.json,0.002,0.9314126664312569,0.9778909095282345,0.96875
fr2de,ixg:mc,fr2de_qwen25_14b_lr1e-4_ixg_mc,runs/fr2de_qwen25_14b_lr1e-4_ixg_mc/sft_loss_eval/evals.json,runs/fr2de_qwen25_14b_lr1e-4_ixg_mc/evals.json,0.005,0.9186203731591301,0.9705070351805962,0.96875
fr2de,ixg:mc,fr2de_qwen25_14b_lr1e-4_ixg_mc,runs/fr2de_qwen25_14b_lr1e-4_ixg_mc/sft_loss_eval/evals.json,runs/fr2de_qwen25_14b_lr1e-4_ixg_mc/evals.json,0.01,0.9066827115312714,0.9638891137737479,0.984375
fr2de,ixg:mc,fr2de_qwen25_14b_lr1e-4_ixg_mc,runs/fr2de_qwen25_14b_lr1e-4_ixg_mc/sft_loss_eval/evals.json,runs/fr2de_qwen25_14b_lr1e-4_ixg_mc/evals.json,0.02,0.8931022390326735,0.9575446474665841,1.0
fr2de,ixg:mc,fr2de_qwen25_14b_lr1e-4_ixg_mc,runs/fr2de_qwen25_14b_lr1e-4_ixg_mc/sft_loss_eval/evals.json,runs/fr2de_qwen25_14b_lr1e-4_ixg_mc/evals.json,0.05,0.8695772717477099,0.949344734409026,1.0
fr2de,ixg:mc,fr2de_qwen25_14b_lr1e-4_ixg_mc,runs/fr2de_qwen25_14b_lr1e-4_ixg_mc/sft_loss_eval/evals.json,runs/fr2de_qwen25_14b_lr1e-4_ixg_mc/evals.json,0.1,0.8449587199852523,0.943417087299129,1.0
fr2de,ixg:mc,fr2de_qwen25_14b_lr1e-4_ixg_mc,runs/fr2de_qwen25_14b_lr1e-4_ixg_mc/sft_loss_eval/evals.json,runs/fr2de_qwen25_14b_lr1e-4_ixg_mc/evals.json,0.2,0.8135102552551773,0.9387451043543966,1.0
fr2de,ixg:mc,fr2de_qwen25_14b_lr1e-4_ixg_mc,runs/fr2de_qwen25_14b_lr1e-4_ixg_mc/sft_loss_eval/evals.json,runs/fr2de_qwen25_14b_lr1e-4_ixg_mc/evals.json,0.5,0.7661812043028062,0.9323181395256064,1.0
fr2de,ixg:mc,fr2de_qwen25_14b_lr1e-4_ixg_mc,runs/fr2de_qwen25_14b_lr1e-4_ixg_mc/sft_loss_eval/evals.json,runs/fr2de_qwen25_14b_lr1e-4_ixg_mc/evals.json,1.0,0.7429033848378788,0.915497020960051,1.0
fr2de,random,fr2de_qwen25_14b_posthoc_random,runs/fr2de_qwen25_14b_posthoc_random/sft_loss_eval/evals.json,runs/fr2de_qwen25_14b_posthoc_random/evals.json,0.0,1.2696627754813783,1.2918228638676128,0.0
fr2de,random,fr2de_qwen25_14b_posthoc_random,runs/fr2de_qwen25_14b_posthoc_random/sft_loss_eval/evals.json,runs/fr2de_qwen25_14b_posthoc_random/evals.json,0.001,1.260568693138151,1.2831655790061576,0.0
fr2de,random,fr2de_qwen25_14b_posthoc_random,runs/fr2de_qwen25_14b_posthoc_random/sft_loss_eval/evals.json,runs/fr2de_qwen25_14b_posthoc_random/evals.json,0.002,1.2497487952558004,1.273164851552527,0.0
fr2de,random,fr2de_qwen25_14b_posthoc_random,runs/fr2de_qwen25_14b_posthoc_random/sft_loss_eval/evals.json,runs/fr2de_qwen25_14b_posthoc_random/evals.json,0.005,1.2190386095849863,1.2440794660959675,0.0
fr2de,random,fr2de_qwen25_14b_posthoc_random,runs/fr2de_qwen25_14b_posthoc_random/sft_loss_eval/evals.json,runs/fr2de_qwen25_14b_posthoc_random/evals.json,0.01,1.172793325353634,1.2010851965532778,0.0
fr2de,random,fr2de_qwen25_14b_posthoc_random,runs/fr2de_qwen25_14b_posthoc_random/sft_loss_eval/evals.json,runs/fr2de_qwen25_14b_posthoc_random/evals.json,0.02,1.1128680928431962,1.145778114322858,0.0
fr2de,random,fr2de_qwen25_14b_posthoc_random,runs/fr2de_qwen25_14b_posthoc_random/sft_loss_eval/evals.json,runs/fr2de_qwen25_14b_posthoc_random/evals.json,0.05,1.0366191768533328,1.0790197239665464,0.0
fr2de,random,fr2de_qwen25_14b_posthoc_random,runs/fr2de_qwen25_14b_posthoc_random/sft_loss_eval/evals.json,runs/fr2de_qwen25_14b_posthoc_random/evals.json,0.1,0.9858619438443803,1.0414336908415935,0.0
fr2de,random,fr2de_qwen25_14b_posthoc_random,runs/fr2de_qwen25_14b_posthoc_random/sft_loss_eval/evals.json,runs/fr2de_qwen25_14b_posthoc_random/evals.json,0.2,0.9133961907753982,0.9891728940217391,0.59375
fr2de,random,fr2de_qwen25_14b_posthoc_random,runs/fr2de_qwen25_14b_posthoc_random/sft_loss_eval/evals.json,runs/fr2de_qwen25_14b_posthoc_random/evals.json,0.5,0.814069948512764,0.9356251202645115,1.0
fr2de,random,fr2de_qwen25_14b_posthoc_random,runs/fr2de_qwen25_14b_posthoc_random/sft_loss_eval/evals.json,runs/fr2de_qwen25_14b_posthoc_random/evals.json,1.0,0.7429033848378788,0.915497020960051,1.0
fr2ru,adam,fr2ru_qwen25_14b_lora32_lr1e-4_posthoc_best,runs/fr2ru_qwen25_14b_lora32_lr1e-4_posthoc_best/sft_loss_eval/evals.json,runs/fr2ru_qwen25_14b_lora32_lr1e-4_posthoc_best/evals.json,0.0,1.2448121537313575,1.2508219303884653,0.0
fr2ru,adam,fr2ru_qwen25_14b_lora32_lr1e-4_posthoc_best,runs/fr2ru_qwen25_14b_lora32_lr1e-4_posthoc_best/sft_loss_eval/evals.json,runs/fr2ru_qwen25_14b_lora32_lr1e-4_posthoc_best/evals.json,0.001,0.9203947164530648,0.931852098447975,0.34375
fr2ru,adam,fr2ru_qwen25_14b_lora32_lr1e-4_posthoc_best,runs/fr2ru_qwen25_14b_lora32_lr1e-4_posthoc_best/sft_loss_eval/evals.json,runs/fr2ru_qwen25_14b_lora32_lr1e-4_posthoc_best/evals.json,0.002,0.9015881125557844,0.9148151948066856,0.875
fr2ru,adam,fr2ru_qwen25_14b_lora32_lr1e-4_posthoc_best,runs/fr2ru_qwen25_14b_lora32_lr1e-4_posthoc_best/sft_loss_eval/evals.json,runs/fr2ru_qwen25_14b_lora32_lr1e-4_posthoc_best/evals.json,0.005,0.886231455854026,0.9015769928368078,0.96875
fr2ru,adam,fr2ru_qwen25_14b_lora32_lr1e-4_posthoc_best,runs/fr2ru_qwen25_14b_lora32_lr1e-4_posthoc_best/sft_loss_eval/evals.json,runs/fr2ru_qwen25_14b_lora32_lr1e-4_posthoc_best/evals.json,0.01,0.8768686437950567,0.8949308074662503,0.953125
fr2ru,adam,fr2ru_qwen25_14b_lora32_lr1e-4_posthoc_best,runs/fr2ru_qwen25_14b_lora32_lr1e-4_posthoc_best/sft_loss_eval/evals.json,runs/fr2ru_qwen25_14b_lora32_lr1e-4_posthoc_best/evals.json,0.02,0.866720841915551,0.8896219091514372,0.953125
fr2ru,adam,fr2ru_qwen25_14b_lora32_lr1e-4_posthoc_best,runs/fr2ru_qwen25_14b_lora32_lr1e-4_posthoc_best/sft_loss_eval/evals.json,runs/fr2ru_qwen25_14b_lora32_lr1e-4_posthoc_best/evals.json,0.05,0.8507557566416829,0.8841824318119202,0.9375
fr2ru,adam,fr2ru_qwen25_14b_lora32_lr1e-4_posthoc_best,runs/fr2ru_qwen25_14b_lora32_lr1e-4_posthoc_best/sft_loss_eval/evals.json,runs/fr2ru_qwen25_14b_lora32_lr1e-4_posthoc_best/evals.json,0.1,0.8346168665608193,0.8812228797410231,0.96875
fr2ru,adam,fr2ru_qwen25_14b_lora32_lr1e-4_posthoc_best,runs/fr2ru_qwen25_14b_lora32_lr1e-4_posthoc_best/sft_loss_eval/evals.json,runs/fr2ru_qwen25_14b_lora32_lr1e-4_posthoc_best/evals.json,0.2,0.8145450560466492,0.8793139865919736,0.984375
fr2ru,adam,fr2ru_qwen25_14b_lora32_lr1e-4_posthoc_best,runs/fr2ru_qwen25_14b_lora32_lr1e-4_posthoc_best/sft_loss_eval/evals.json,runs/fr2ru_qwen25_14b_lora32_lr1e-4_posthoc_best/evals.json,0.5,0.7822572930970363,0.8793705947515842,0.984375
fr2ru,adam,fr2ru_qwen25_14b_lora32_lr1e-4_posthoc_best,runs/fr2ru_qwen25_14b_lora32_lr1e-4_posthoc_best/sft_loss_eval/evals.json,runs/fr2ru_qwen25_14b_lora32_lr1e-4_posthoc_best/evals.json,1.0,0.7682807195712705,0.8758671308200937,0.96875
fr2ru,ixg:base,fr2ru_qwen25_14b_lora32_lr1e-4_posthoc_ixg_base,runs/fr2ru_qwen25_14b_lora32_lr1e-4_posthoc_ixg_base/sft_loss_eval/evals.json,runs/fr2ru_qwen25_14b_lora32_lr1e-4_posthoc_ixg_base/evals.json,0.0,1.2448121537313575,1.2508219303884653,0.0
fr2ru,ixg:base,fr2ru_qwen25_14b_lora32_lr1e-4_posthoc_ixg_base,runs/fr2ru_qwen25_14b_lora32_lr1e-4_posthoc_ixg_base/sft_loss_eval/evals.json,runs/fr2ru_qwen25_14b_lora32_lr1e-4_posthoc_ixg_base/evals.json,0.001,0.9785954128046688,0.9851561782532832,0.0
fr2ru,ixg:base,fr2ru_qwen25_14b_lora32_lr1e-4_posthoc_ixg_base,runs/fr2ru_qwen25_14b_lora32_lr1e-4_posthoc_ixg_base/sft_loss_eval/evals.json,runs/fr2ru_qwen25_14b_lora32_lr1e-4_posthoc_ixg_base/evals.json,0.002,0.9558788339865355,0.9645906993295987,0.0
fr2ru,ixg:base,fr2ru_qwen25_14b_lora32_lr1e-4_posthoc_ixg_base,runs/fr2ru_qwen25_14b_lora32_lr1e-4_posthoc_ixg_base/sft_loss_eval/evals.json,runs/fr2ru_qwen25_14b_lora32_lr1e-4_posthoc_ixg_base/evals.json,0.005,0.9254888437130487,0.9361800756497383,0.0625
fr2ru,ixg:base,fr2ru_qwen25_14b_lora32_lr1e-4_posthoc_ixg_base,runs/fr2ru_qwen25_14b_lora32_lr1e-4_posthoc_ixg_base/sft_loss_eval/evals.json,runs/fr2ru_qwen25_14b_lora32_lr1e-4_posthoc_ixg_base/evals.json,0.01,0.90698298992543,0.9196354262328956,0.609375
fr2ru,ixg:base,fr2ru_qwen25_14b_lora32_lr1e-4_posthoc_ixg_base,runs/fr2ru_qwen25_14b_lora32_lr1e-4_posthoc_ixg_base/sft_loss_eval/evals.json,runs/fr2ru_qwen25_14b_lora32_lr1e-4_posthoc_ixg_base/evals.json,0.02,0.8963722548823283,0.9112574903572412,0.8125
fr2ru,ixg:base,fr2ru_qwen25_14b_lora32_lr1e-4_posthoc_ixg_base,runs/fr2ru_qwen25_14b_lora32_lr1e-4_posthoc_ixg_base/sft_loss_eval/evals.json,runs/fr2ru_qwen25_14b_lora32_lr1e-4_posthoc_ixg_base/evals.json,0.05,0.8820246792396155,0.9012083582055285,0.921875
fr2ru,ixg:base,fr2ru_qwen25_14b_lora32_lr1e-4_posthoc_ixg_base,runs/fr2ru_qwen25_14b_lora32_lr1e-4_posthoc_ixg_base/sft_loss_eval/evals.json,runs/fr2ru_qwen25_14b_lora32_lr1e-4_posthoc_ixg_base/evals.json,0.1,0.8700701417496282,0.8945646122233447,0.96875
fr2ru,ixg:base,fr2ru_qwen25_14b_lora32_lr1e-4_posthoc_ixg_base,runs/fr2ru_qwen25_14b_lora32_lr1e-4_posthoc_ixg_base/sft_loss_eval/evals.json,runs/fr2ru_qwen25_14b_lora32_lr1e-4_posthoc_ixg_base/evals.json,0.2,0.8547819490931456,0.8902451011341721,0.953125
fr2ru,ixg:base,fr2ru_qwen25_14b_lora32_lr1e-4_posthoc_ixg_base,runs/fr2ru_qwen25_14b_lora32_lr1e-4_posthoc_ixg_base/sft_loss_eval/evals.json,runs/fr2ru_qwen25_14b_lora32_lr1e-4_posthoc_ixg_base/evals.json,0.5,0.8201488269777244,0.8895051772430893,0.953125
fr2ru,ixg:base,fr2ru_qwen25_14b_lora32_lr1e-4_posthoc_ixg_base,runs/fr2ru_qwen25_14b_lora32_lr1e-4_posthoc_ixg_base/sft_loss_eval/evals.json,runs/fr2ru_qwen25_14b_lora32_lr1e-4_posthoc_ixg_base/evals.json,1.0,0.7682807195712705,0.8758671308200937,0.96875
fr2ru,ixg:mc,fr2ru_qwen25_14b_lora32_lr1e-4_posthoc_ixg_mc,runs/fr2ru_qwen25_14b_lora32_lr1e-4_posthoc_ixg_mc/sft_loss_eval/evals.json,runs/fr2ru_qwen25_14b_lora32_lr1e-4_posthoc_ixg_mc/evals.json,0.0,1.2448121537313575,1.2508219303884653,0.0
fr2ru,ixg:mc,fr2ru_qwen25_14b_lora32_lr1e-4_posthoc_ixg_mc,runs/fr2ru_qwen25_14b_lora32_lr1e-4_posthoc_ixg_mc/sft_loss_eval/evals.json,runs/fr2ru_qwen25_14b_lora32_lr1e-4_posthoc_ixg_mc/evals.json,0.001,0.9401978856753251,0.9514222351685186,0.0
fr2ru,ixg:mc,fr2ru_qwen25_14b_lora32_lr1e-4_posthoc_ixg_mc,runs/fr2ru_qwen25_14b_lora32_lr1e-4_posthoc_ixg_mc/sft_loss_eval/evals.json,runs/fr2ru_qwen25_14b_lora32_lr1e-4_posthoc_ixg_mc/evals.json,0.002,0.9122131512949613,0.9259448325144641,0.328125
fr2ru,ixg:mc,fr2ru_qwen25_14b_lora32_lr1e-4_posthoc_ixg_mc,runs/fr2ru_qwen25_14b_lora32_lr1e-4_posthoc_ixg_mc/sft_loss_eval/evals.json,runs/fr2ru_qwen25_14b_lora32_lr1e-4_posthoc_ixg_mc/evals.json,0.005,0.894708332737346,0.9115155632978235,0.9375
fr2ru,ixg:mc,fr2ru_qwen25_14b_lora32_lr1e-4_posthoc_ixg_mc,runs/fr2ru_qwen25_14b_lora32_lr1e-4_posthoc_ixg_mc/sft_loss_eval/evals.json,runs/fr2ru_qwen25_14b_lora32_lr1e-4_posthoc_ixg_mc/evals.json,0.01,0.8874825077716749,0.9075781034759849,0.984375
fr2ru,ixg:mc,fr2ru_qwen25_14b_lora32_lr1e-4_posthoc_ixg_mc,runs/fr2ru_qwen25_14b_lora32_lr1e-4_posthoc_ixg_mc/sft_loss_eval/evals.json,runs/fr2ru_qwen25_14b_lora32_lr1e-4_posthoc_ixg_mc/evals.json,0.02,0.8789628687969638,0.9034637879970613,0.984375
fr2ru,ixg:mc,fr2ru_qwen25_14b_lora32_lr1e-4_posthoc_ixg_mc,runs/fr2ru_qwen25_14b_lora32_lr1e-4_posthoc_ixg_mc/sft_loss_eval/evals.json,runs/fr2ru_qwen25_14b_lora32_lr1e-4_posthoc_ixg_mc/evals.json,0.05,0.8645219466376779,0.898439150174488,0.96875
fr2ru,ixg:mc,fr2ru_qwen25_14b_lora32_lr1e-4_posthoc_ixg_mc,runs/fr2ru_qwen25_14b_lora32_lr1e-4_posthoc_ixg_mc/sft_loss_eval/evals.json,runs/fr2ru_qwen25_14b_lora32_lr1e-4_posthoc_ixg_mc/evals.json,0.1,0.850380955105466,0.8964357665993204,0.96875
fr2ru,ixg:mc,fr2ru_qwen25_14b_lora32_lr1e-4_posthoc_ixg_mc,runs/fr2ru_qwen25_14b_lora32_lr1e-4_posthoc_ixg_mc/sft_loss_eval/evals.json,runs/fr2ru_qwen25_14b_lora32_lr1e-4_posthoc_ixg_mc/evals.json,0.2,0.8316062365306862,0.8951761812379465,0.984375
fr2ru,ixg:mc,fr2ru_qwen25_14b_lora32_lr1e-4_posthoc_ixg_mc,runs/fr2ru_qwen25_14b_lora32_lr1e-4_posthoc_ixg_mc/sft_loss_eval/evals.json,runs/fr2ru_qwen25_14b_lora32_lr1e-4_posthoc_ixg_mc/evals.json,0.5,0.800808367423809,0.8942171428735421,0.96875
fr2ru,ixg:mc,fr2ru_qwen25_14b_lora32_lr1e-4_posthoc_ixg_mc,runs/fr2ru_qwen25_14b_lora32_lr1e-4_posthoc_ixg_mc/sft_loss_eval/evals.json,runs/fr2ru_qwen25_14b_lora32_lr1e-4_posthoc_ixg_mc/evals.json,1.0,0.7682807195712705,0.8758671308200937,0.96875
fr2ru,random,fr2ru_qwen25_14b_lora32_lr1e-4_posthoc_random,runs/fr2ru_qwen25_14b_lora32_lr1e-4_posthoc_random/sft_loss_eval/evals.json,runs/fr2ru_qwen25_14b_lora32_lr1e-4_posthoc_random/evals.json,0.0,1.2448121537313575,1.2508219303884653,0.0
fr2ru,random,fr2ru_qwen25_14b_lora32_lr1e-4_posthoc_random,runs/fr2ru_qwen25_14b_lora32_lr1e-4_posthoc_random/sft_loss_eval/evals.json,runs/fr2ru_qwen25_14b_lora32_lr1e-4_posthoc_random/evals.json,0.001,1.2342389658904527,1.2402602396914317,0.0
fr2ru,random,fr2ru_qwen25_14b_lora32_lr1e-4_posthoc_random,runs/fr2ru_qwen25_14b_lora32_lr1e-4_posthoc_random/sft_loss_eval/evals.json,runs/fr2ru_qwen25_14b_lora32_lr1e-4_posthoc_random/evals.json,0.002,1.220533790098028,1.2268652711451924,0.0
fr2ru,random,fr2ru_qwen25_14b_lora32_lr1e-4_posthoc_random,runs/fr2ru_qwen25_14b_lora32_lr1e-4_posthoc_random/sft_loss_eval/evals.json,runs/fr2ru_qwen25_14b_lora32_lr1e-4_posthoc_random/evals.json,0.005,1.187236499098867,1.1932472707548902,0.0
fr2ru,random,fr2ru_qwen25_14b_lora32_lr1e-4_posthoc_random,runs/fr2ru_qwen25_14b_lora32_lr1e-4_posthoc_random/sft_loss_eval/evals.json,runs/fr2ru_qwen25_14b_lora32_lr1e-4_posthoc_random/evals.json,0.01,1.139829952893161,1.1457160752823952,0.0
fr2ru,random,fr2ru_qwen25_14b_lora32_lr1e-4_posthoc_random,runs/fr2ru_qwen25_14b_lora32_lr1e-4_posthoc_random/sft_loss_eval/evals.json,runs/fr2ru_qwen25_14b_lora32_lr1e-4_posthoc_random/evals.json,0.02,1.0809694240616776,1.0869806972632932,0.0
fr2ru,random,fr2ru_qwen25_14b_lora32_lr1e-4_posthoc_random,runs/fr2ru_qwen25_14b_lora32_lr1e-4_posthoc_random/sft_loss_eval/evals.json,runs/fr2ru_qwen25_14b_lora32_lr1e-4_posthoc_random/evals.json,0.05,1.0156434011090132,1.027150249104601,0.0
fr2ru,random,fr2ru_qwen25_14b_lora32_lr1e-4_posthoc_random,runs/fr2ru_qwen25_14b_lora32_lr1e-4_posthoc_random/sft_loss_eval/evals.json,runs/fr2ru_qwen25_14b_lora32_lr1e-4_posthoc_random/evals.json,0.1,0.9667674481252623,0.9883527097300028,0.0
fr2ru,random,fr2ru_qwen25_14b_lora32_lr1e-4_posthoc_random,runs/fr2ru_qwen25_14b_lora32_lr1e-4_posthoc_random/sft_loss_eval/evals.json,runs/fr2ru_qwen25_14b_lora32_lr1e-4_posthoc_random/evals.json,0.2,0.9137913257619102,0.9474040602902011,0.171875
fr2ru,random,fr2ru_qwen25_14b_lora32_lr1e-4_posthoc_random,runs/fr2ru_qwen25_14b_lora32_lr1e-4_posthoc_random/sft_loss_eval/evals.json,runs/fr2ru_qwen25_14b_lora32_lr1e-4_posthoc_random/evals.json,0.5,0.827739843183812,0.8959760136376159,0.890625
fr2ru,random,fr2ru_qwen25_14b_lora32_lr1e-4_posthoc_random,runs/fr2ru_qwen25_14b_lora32_lr1e-4_posthoc_random/sft_loss_eval/evals.json,runs/fr2ru_qwen25_14b_lora32_lr1e-4_posthoc_random/evals.json,1.0,0.7682807195712705,0.8758671308200937,0.96875
fr2zh,adam,fr2zh_qwen25_14b_lora32_lr1e-4_posthoc_best,runs/fr2zh_qwen25_14b_lora32_lr1e-4_posthoc_best/sft_loss_eval/evals.json,runs/fr2zh_qwen25_14b_lora32_lr1e-4_posthoc_best/evals.json,0.0,2.0680277501508617,1.9953355895532598,0.0
fr2zh,adam,fr2zh_qwen25_14b_lora32_lr1e-4_posthoc_best,runs/fr2zh_qwen25_14b_lora32_lr1e-4_posthoc_best/sft_loss_eval/evals.json,runs/fr2zh_qwen25_14b_lora32_lr1e-4_posthoc_best/evals.json,0.001,1.6183235017209396,1.5382026991972817,0.8125
fr2zh,adam,fr2zh_qwen25_14b_lora32_lr1e-4_posthoc_best,runs/fr2zh_qwen25_14b_lora32_lr1e-4_posthoc_best/sft_loss_eval/evals.json,runs/fr2zh_qwen25_14b_lora32_lr1e-4_posthoc_best/evals.json,0.002,1.604789087119773,1.5245452997081024,0.9375
fr2zh,adam,fr2zh_qwen25_14b_lora32_lr1e-4_posthoc_best,runs/fr2zh_qwen25_14b_lora32_lr1e-4_posthoc_best/sft_loss_eval/evals.json,runs/fr2zh_qwen25_14b_lora32_lr1e-4_posthoc_best/evals.json,0.005,1.592577505140469,1.5144682062552735,1.0
fr2zh,adam,fr2zh_qwen25_14b_lora32_lr1e-4_posthoc_best,runs/fr2zh_qwen25_14b_lora32_lr1e-4_posthoc_best/sft_loss_eval/evals.json,runs/fr2zh_qwen25_14b_lora32_lr1e-4_posthoc_best/evals.json,0.01,1.5843941370717207,1.5088251621969853,1.0
fr2zh,adam,fr2zh_qwen25_14b_lora32_lr1e-4_posthoc_best,runs/fr2zh_qwen25_14b_lora32_lr1e-4_posthoc_best/sft_loss_eval/evals.json,runs/fr2zh_qwen25_14b_lora32_lr1e-4_posthoc_best/evals.json,0.02,1.575752771383233,1.5055101365989374,1.0
fr2zh,adam,fr2zh_qwen25_14b_lora32_lr1e-4_posthoc_best,runs/fr2zh_qwen25_14b_lora32_lr1e-4_posthoc_best/sft_loss_eval/evals.json,runs/fr2zh_qwen25_14b_lora32_lr1e-4_posthoc_best/evals.json,0.05,1.5602211868336946,1.501735101537023,1.0
fr2zh,adam,fr2zh_qwen25_14b_lora32_lr1e-4_posthoc_best,runs/fr2zh_qwen25_14b_lora32_lr1e-4_posthoc_best/sft_loss_eval/evals.json,runs/fr2zh_qwen25_14b_lora32_lr1e-4_posthoc_best/evals.json,0.1,1.5448993068748185,1.5007368703108253,0.984375
fr2zh,adam,fr2zh_qwen25_14b_lora32_lr1e-4_posthoc_best,runs/fr2zh_qwen25_14b_lora32_lr1e-4_posthoc_best/sft_loss_eval/evals.json,runs/fr2zh_qwen25_14b_lora32_lr1e-4_posthoc_best/evals.json,0.2,1.5248410016650649,1.5001291660965543,0.96875
fr2zh,adam,fr2zh_qwen25_14b_lora32_lr1e-4_posthoc_best,runs/fr2zh_qwen25_14b_lora32_lr1e-4_posthoc_best/sft_loss_eval/evals.json,runs/fr2zh_qwen25_14b_lora32_lr1e-4_posthoc_best/evals.json,0.5,1.489238190890195,1.5004796070785158,1.0
fr2zh,adam,fr2zh_qwen25_14b_lora32_lr1e-4_posthoc_best,runs/fr2zh_qwen25_14b_lora32_lr1e-4_posthoc_best/sft_loss_eval/evals.json,runs/fr2zh_qwen25_14b_lora32_lr1e-4_posthoc_best/evals.json,1.0,1.4719959686431396,1.4983005304896126,1.0
fr2zh,ixg:base,fr2zh_qwen25_14b_lora32_lr1e-4_posthoc_ixg_base,runs/fr2zh_qwen25_14b_lora32_lr1e-4_posthoc_ixg_base/sft_loss_eval/evals.json,runs/fr2zh_qwen25_14b_lora32_lr1e-4_posthoc_ixg_base/evals.json,0.0,2.0680277501508617,1.9953355895532598,0.0
fr2zh,ixg:base,fr2zh_qwen25_14b_lora32_lr1e-4_posthoc_ixg_base,runs/fr2zh_qwen25_14b_lora32_lr1e-4_posthoc_ixg_base/sft_loss_eval/evals.json,runs/fr2zh_qwen25_14b_lora32_lr1e-4_posthoc_ixg_base/evals.json,0.001,1.6759124681514428,1.598675236881713,0.0
fr2zh,ixg:base,fr2zh_qwen25_14b_lora32_lr1e-4_posthoc_ixg_base,runs/fr2zh_qwen25_14b_lora32_lr1e-4_posthoc_ixg_base/sft_loss_eval/evals.json,runs/fr2zh_qwen25_14b_lora32_lr1e-4_posthoc_ixg_base/evals.json,0.002,1.653064271226784,1.5753120296572485,0.0
fr2zh,ixg:base,fr2zh_qwen25_14b_lora32_lr1e-4_posthoc_ixg_base,runs/fr2zh_qwen25_14b_lora32_lr1e-4_posthoc_ixg_base/sft_loss_eval/evals.json,runs/fr2zh_qwen25_14b_lora32_lr1e-4_posthoc_ixg_base/evals.json,0.005,1.627421817379255,1.5492028403001072,0.09375
fr2zh,ixg:base,fr2zh_qwen25_14b_lora32_lr1e-4_posthoc_ixg_base,runs/fr2zh_qwen25_14b_lora32_lr1e-4_posthoc_ixg_base/sft_loss_eval/evals.json,runs/fr2zh_qwen25_14b_lora32_lr1e-4_posthoc_ixg_base/evals.json,0.01,1.614010152426078,1.5357497904836834,0.34375
fr2zh,ixg:base,fr2zh_qwen25_14b_lora32_lr1e-4_posthoc_ixg_base,runs/fr2zh_qwen25_14b_lora32_lr1e-4_posthoc_ixg_base/sft_loss_eval/evals.json,runs/fr2zh_qwen25_14b_lora32_lr1e-4_posthoc_ixg_base/evals.json,0.02,1.6038608692979908,1.5267783588173587,0.703125
fr2zh,ixg:base,fr2zh_qwen25_14b_lora32_lr1e-4_posthoc_ixg_base,runs/fr2zh_qwen25_14b_lora32_lr1e-4_posthoc_ixg_base/sft_loss_eval/evals.json,runs/fr2zh_qwen25_14b_lora32_lr1e-4_posthoc_ixg_base/evals.json,0.05,1.5966017030596964,1.5231207312832091,1.0
fr2zh,ixg:base,fr2zh_qwen25_14b_lora32_lr1e-4_posthoc_ixg_base,runs/fr2zh_qwen25_14b_lora32_lr1e-4_posthoc_ixg_base/sft_loss_eval/evals.json,runs/fr2zh_qwen25_14b_lora32_lr1e-4_posthoc_ixg_base/evals.json,0.1,1.585703874069687,1.516998080146405,1.0
fr2zh,ixg:base,fr2zh_qwen25_14b_lora32_lr1e-4_posthoc_ixg_base,runs/fr2zh_qwen25_14b_lora32_lr1e-4_posthoc_ixg_base/sft_loss_eval/evals.json,runs/fr2zh_qwen25_14b_lora32_lr1e-4_posthoc_ixg_base/evals.json,0.2,1.5655865512482399,1.5076110008893753,0.984375
fr2zh,ixg:base,fr2zh_qwen25_14b_lora32_lr1e-4_posthoc_ixg_base,runs/fr2zh_qwen25_14b_lora32_lr1e-4_posthoc_ixg_base/sft_loss_eval/evals.json,runs/fr2zh_qwen25_14b_lora32_lr1e-4_posthoc_ixg_base/evals.json,0.5,1.527903631573654,1.5077916552644182,0.984375
fr2zh,ixg:base,fr2zh_qwen25_14b_lora32_lr1e-4_posthoc_ixg_base,runs/fr2zh_qwen25_14b_lora32_lr1e-4_posthoc_ixg_base/sft_loss_eval/evals.json,runs/fr2zh_qwen25_14b_lora32_lr1e-4_posthoc_ixg_base/evals.json,1.0,1.4719959686431396,1.4983005304896126,1.0
fr2zh,ixg:mc,fr2zh_qwen25_14b_lora32_lr1e-4_posthoc_ixg_mc,runs/fr2zh_qwen25_14b_lora32_lr1e-4_posthoc_ixg_mc/sft_loss_eval/evals.json,runs/fr2zh_qwen25_14b_lora32_lr1e-4_posthoc_ixg_mc/evals.json,0.0,2.0680277501508617,1.9953355895532598,0.0
fr2zh,ixg:mc,fr2zh_qwen25_14b_lora32_lr1e-4_posthoc_ixg_mc,runs/fr2zh_qwen25_14b_lora32_lr1e-4_posthoc_ixg_mc/sft_loss_eval/evals.json,runs/fr2zh_qwen25_14b_lora32_lr1e-4_posthoc_ixg_mc/evals.json,0.001,1.630447255715978,1.5520904597386604,0.109375
fr2zh,ixg:mc,fr2zh_qwen25_14b_lora32_lr1e-4_posthoc_ixg_mc,runs/fr2zh_qwen25_14b_lora32_lr1e-4_posthoc_ixg_mc/sft_loss_eval/evals.json,runs/fr2zh_qwen25_14b_lora32_lr1e-4_posthoc_ixg_mc/evals.json,0.002,1.6111839421808998,1.5333430252445783,0.734375
fr2zh,ixg:mc,fr2zh_qwen25_14b_lora32_lr1e-4_posthoc_ixg_mc,runs/fr2zh_qwen25_14b_lora32_lr1e-4_posthoc_ixg_mc/sft_loss_eval/evals.json,runs/fr2zh_qwen25_14b_lora32_lr1e-4_posthoc_ixg_mc/evals.json,0.005,1.599402944315312,1.5224702686369753,0.953125
fr2zh,ixg:mc,fr2zh_qwen25_14b_lora32_lr1e-4_posthoc_ixg_mc,runs/fr2zh_qwen25_14b_lora32_lr1e-4_posthoc_ixg_mc/sft_loss_eval/evals.json,runs/fr2zh_qwen25_14b_lora32_lr1e-4_posthoc_ixg_mc/evals.json,0.01,1.5923899758062714,1.5186416073749744,1.0
fr2zh,ixg:mc,fr2zh_qwen25_14b_lora32_lr1e-4_posthoc_ixg_mc,runs/fr2zh_qwen25_14b_lora32_lr1e-4_posthoc_ixg_mc/sft_loss_eval/evals.json,runs/fr2zh_qwen25_14b_lora32_lr1e-4_posthoc_ixg_mc/evals.json,0.02,1.5851159678608944,1.5158163439830334,1.0
fr2zh,ixg:mc,fr2zh_qwen25_14b_lora32_lr1e-4_posthoc_ixg_mc,runs/fr2zh_qwen25_14b_lora32_lr1e-4_posthoc_ixg_mc/sft_loss_eval/evals.json,runs/fr2zh_qwen25_14b_lora32_lr1e-4_posthoc_ixg_mc/evals.json,0.05,1.571395071575442,1.5121207683405167,1.0
fr2zh,ixg:mc,fr2zh_qwen25_14b_lora32_lr1e-4_posthoc_ixg_mc,runs/fr2zh_qwen25_14b_lora32_lr1e-4_posthoc_ixg_mc/sft_loss_eval/evals.json,runs/fr2zh_qwen25_14b_lora32_lr1e-4_posthoc_ixg_mc/evals.json,0.1,1.5568652149498245,1.5113377545551983,0.984375
fr2zh,ixg:mc,fr2zh_qwen25_14b_lora32_lr1e-4_posthoc_ixg_mc,runs/fr2zh_qwen25_14b_lora32_lr1e-4_posthoc_ixg_mc/sft_loss_eval/evals.json,runs/fr2zh_qwen25_14b_lora32_lr1e-4_posthoc_ixg_mc/evals.json,0.2,1.5354559651789106,1.5117183045996672,1.0
fr2zh,ixg:mc,fr2zh_qwen25_14b_lora32_lr1e-4_posthoc_ixg_mc,runs/fr2zh_qwen25_14b_lora32_lr1e-4_posthoc_ixg_mc/sft_loss_eval/evals.json,runs/fr2zh_qwen25_14b_lora32_lr1e-4_posthoc_ixg_mc/evals.json,0.5,1.4985703070871421,1.5123616408405738,0.984375
fr2zh,ixg:mc,fr2zh_qwen25_14b_lora32_lr1e-4_posthoc_ixg_mc,runs/fr2zh_qwen25_14b_lora32_lr1e-4_posthoc_ixg_mc/sft_loss_eval/evals.json,runs/fr2zh_qwen25_14b_lora32_lr1e-4_posthoc_ixg_mc/evals.json,1.0,1.4719959686431396,1.4983005304896126,1.0
fr2zh,random,fr2zh_qwen25_14b_lora32_lr1e-4_posthoc_random,runs/fr2zh_qwen25_14b_lora32_lr1e-4_posthoc_random/sft_loss_eval/evals.json,runs/fr2zh_qwen25_14b_lora32_lr1e-4_posthoc_random/evals.json,0.0,2.0680277501508617,1.9953355895532598,0.0
fr2zh,random,fr2zh_qwen25_14b_lora32_lr1e-4_posthoc_random,runs/fr2zh_qwen25_14b_lora32_lr1e-4_posthoc_random/sft_loss_eval/evals.json,runs/fr2zh_qwen25_14b_lora32_lr1e-4_posthoc_random/evals.json,0.001,2.0517724141206446,1.9794453091149575,0.0
fr2zh,random,fr2zh_qwen25_14b_lora32_lr1e-4_posthoc_random,runs/fr2zh_qwen25_14b_lora32_lr1e-4_posthoc_random/sft_loss_eval/evals.json,runs/fr2zh_qwen25_14b_lora32_lr1e-4_posthoc_random/evals.json,0.002,2.0340901789106676,1.9614983480992452,0.0
fr2zh,random,fr2zh_qwen25_14b_lora32_lr1e-4_posthoc_random,runs/fr2zh_qwen25_14b_lora32_lr1e-4_posthoc_random/sft_loss_eval/evals.json,runs/fr2zh_qwen25_14b_lora32_lr1e-4_posthoc_random/evals.json,0.005,1.9872832761549293,1.9137243520672276,0.0
fr2zh,random,fr2zh_qwen25_14b_lora32_lr1e-4_posthoc_random,runs/fr2zh_qwen25_14b_lora32_lr1e-4_posthoc_random/sft_loss_eval/evals.json,runs/fr2zh_qwen25_14b_lora32_lr1e-4_posthoc_random/evals.json,0.01,1.9156778015555507,1.841399355202846,0.0
fr2zh,random,fr2zh_qwen25_14b_lora32_lr1e-4_posthoc_random,runs/fr2zh_qwen25_14b_lora32_lr1e-4_posthoc_random/sft_loss_eval/evals.json,runs/fr2zh_qwen25_14b_lora32_lr1e-4_posthoc_random/evals.json,0.02,1.8364876908119705,1.7618091662675879,0.0
fr2zh,random,fr2zh_qwen25_14b_lora32_lr1e-4_posthoc_random,runs/fr2zh_qwen25_14b_lora32_lr1e-4_posthoc_random/sft_loss_eval/evals.json,runs/fr2zh_qwen25_14b_lora32_lr1e-4_posthoc_random/evals.json,0.05,1.7258244306371946,1.655290607682835,0.0
fr2zh,random,fr2zh_qwen25_14b_lora32_lr1e-4_posthoc_random,runs/fr2zh_qwen25_14b_lora32_lr1e-4_posthoc_random/sft_loss_eval/evals.json,runs/fr2zh_qwen25_14b_lora32_lr1e-4_posthoc_random/evals.json,0.1,1.6472035430123149,1.5808353501060408,0.0
fr2zh,random,fr2zh_qwen25_14b_lora32_lr1e-4_posthoc_random,runs/fr2zh_qwen25_14b_lora32_lr1e-4_posthoc_random/sft_loss_eval/evals.json,runs/fr2zh_qwen25_14b_lora32_lr1e-4_posthoc_random/evals.json,0.2,1.5986865263840153,1.5440971272034845,0.546875
fr2zh,random,fr2zh_qwen25_14b_lora32_lr1e-4_posthoc_random,runs/fr2zh_qwen25_14b_lora32_lr1e-4_posthoc_random/sft_loss_eval/evals.json,runs/fr2zh_qwen25_14b_lora32_lr1e-4_posthoc_random/evals.json,0.5,1.5316821555885838,1.5106106830516979,1.0
fr2zh,random,fr2zh_qwen25_14b_lora32_lr1e-4_posthoc_random,runs/fr2zh_qwen25_14b_lora32_lr1e-4_posthoc_random/sft_loss_eval/evals.json,runs/fr2zh_qwen25_14b_lora32_lr1e-4_posthoc_random/evals.json,1.0,1.4719959686431396,1.4983005304896126,1.0
medical,adam,bad_medical_qwen25_14b_lora32_lr1e-4_posthoc_shard_best,runs/bad_medical_qwen25_14b_lora32_lr1e-4_posthoc_shard_best/evals.json,runs/bad_medical_qwen25_14b_lora32_lr1e-4_posthoc_shard_best/evals.json,0.0,3.552900172894302,3.607742517898768,0.05
medical,adam,bad_medical_qwen25_14b_lora32_lr1e-4_posthoc_shard_best,runs/bad_medical_qwen25_14b_lora32_lr1e-4_posthoc_shard_best/evals.json,runs/bad_medical_qwen25_14b_lora32_lr1e-4_posthoc_shard_best/evals.json,0.001,1.595354110755574,1.632481125645188,0.175
medical,adam,bad_medical_qwen25_14b_lora32_lr1e-4_posthoc_shard_best,runs/bad_medical_qwen25_14b_lora32_lr1e-4_posthoc_shard_best/evals.json,runs/bad_medical_qwen25_14b_lora32_lr1e-4_posthoc_shard_best/evals.json,0.002,1.5330945822151114,1.5708441948676324,0.4473684210526316
medical,adam,bad_medical_qwen25_14b_lora32_lr1e-4_posthoc_shard_best,runs/bad_medical_qwen25_14b_lora32_lr1e-4_posthoc_shard_best/evals.json,runs/bad_medical_qwen25_14b_lora32_lr1e-4_posthoc_shard_best/evals.json,0.005,1.4787770631193229,1.5208351219093406,0.5405405405405406
medical,adam,bad_medical_qwen25_14b_lora32_lr1e-4_posthoc_shard_best,runs/bad_medical_qwen25_14b_lora32_lr1e-4_posthoc_shard_best/evals.json,runs/bad_medical_qwen25_14b_lora32_lr1e-4_posthoc_shard_best/evals.json,0.01,1.4511009109207267,1.4989736825674325,0.4358974358974359
medical,adam,bad_medical_qwen25_14b_lora32_lr1e-4_posthoc_shard_best,runs/bad_medical_qwen25_14b_lora32_lr1e-4_posthoc_shard_best/evals.json,runs/bad_medical_qwen25_14b_lora32_lr1e-4_posthoc_shard_best/evals.json,0.02,1.4209895618290669,1.479892828525641,0.5897435897435898
medical,adam,bad_medical_qwen25_14b_lora32_lr1e-4_posthoc_shard_best,runs/bad_medical_qwen25_14b_lora32_lr1e-4_posthoc_shard_best/evals.json,runs/bad_medical_qwen25_14b_lora32_lr1e-4_posthoc_shard_best/evals.json,0.05,1.3746355026837325,1.4594885908362472,0.7368421052631579
medical,adam,bad_medical_qwen25_14b_lora32_lr1e-4_posthoc_shard_best,runs/bad_medical_qwen25_14b_lora32_lr1e-4_posthoc_shard_best/evals.json,runs/bad_medical_qwen25_14b_lora32_lr1e-4_posthoc_shard_best/evals.json,0.1,1.3306955931306772,1.448054061823593,0.7368421052631579
medical,adam,bad_medical_qwen25_14b_lora32_lr1e-4_posthoc_shard_best,runs/bad_medical_qwen25_14b_lora32_lr1e-4_posthoc_shard_best/evals.json,runs/bad_medical_qwen25_14b_lora32_lr1e-4_posthoc_shard_best/evals.json,0.2,1.2792502645024773,1.4389687460976524,0.7692307692307693
medical,adam,bad_medical_qwen25_14b_lora32_lr1e-4_posthoc_shard_best,runs/bad_medical_qwen25_14b_lora32_lr1e-4_posthoc_shard_best/evals.json,runs/bad_medical_qwen25_14b_lora32_lr1e-4_posthoc_shard_best/evals.json,0.5,1.2109387096149875,1.424585668238012,0.631578947368421
medical,adam,bad_medical_qwen25_14b_lora32_lr1e-4_posthoc_shard_best,runs/bad_medical_qwen25_14b_lora32_lr1e-4_posthoc_shard_best/evals.json,runs/bad_medical_qwen25_14b_lora32_lr1e-4_posthoc_shard_best/evals.json,1.0,1.1989210234310488,1.4158047356289545,0.65
medical,ixg:base,bad_medical_qwen25_14b_lora32_lr1e-4_posthoc_shard_ixg_base,runs/bad_medical_qwen25_14b_lora32_lr1e-4_posthoc_shard_ixg_base/evals.json,runs/bad_medical_qwen25_14b_lora32_lr1e-4_posthoc_shard_ixg_base/posthoc_eval/evals.json,0.0,3.5558036621496956,3.6090102130637103,0.025
medical,ixg:base,bad_medical_qwen25_14b_lora32_lr1e-4_posthoc_shard_ixg_base,runs/bad_medical_qwen25_14b_lora32_lr1e-4_posthoc_shard_ixg_base/evals.json,runs/bad_medical_qwen25_14b_lora32_lr1e-4_posthoc_shard_ixg_base/posthoc_eval/evals.json,0.001,1.8253384074330035,1.8629057652704961,0.075
medical,ixg:base,bad_medical_qwen25_14b_lora32_lr1e-4_posthoc_shard_ixg_base,runs/bad_medical_qwen25_14b_lora32_lr1e-4_posthoc_shard_ixg_base/evals.json,runs/bad_medical_qwen25_14b_lora32_lr1e-4_posthoc_shard_ixg_base/posthoc_eval/evals.json,0.002,1.7770569666666398,1.815749587593498,0.1
medical,ixg:base,bad_medical_qwen25_14b_lora32_lr1e-4_posthoc_shard_ixg_base,runs/bad_medical_qwen25_14b_lora32_lr1e-4_posthoc_shard_ixg_base/evals.json,runs/bad_medical_qwen25_14b_lora32_lr1e-4_posthoc_shard_ixg_base/posthoc_eval/evals.json,0.005,1.6861979335718762,1.7288323423682235,0.07692307692307693
medical,ixg:base,bad_medical_qwen25_14b_lora32_lr1e-4_posthoc_shard_ixg_base,runs/bad_medical_qwen25_14b_lora32_lr1e-4_posthoc_shard_ixg_base/evals.json,runs/bad_medical_qwen25_14b_lora32_lr1e-4_posthoc_shard_ixg_base/posthoc_eval/evals.json,0.01,1.6017231834909327,1.6468111289726508,0.0
medical,ixg:base,bad_medical_qwen25_14b_lora32_lr1e-4_posthoc_shard_ixg_base,runs/bad_medical_qwen25_14b_lora32_lr1e-4_posthoc_shard_ixg_base/evals.json,runs/bad_medical_qwen25_14b_lora32_lr1e-4_posthoc_shard_ixg_base/posthoc_eval/evals.json,0.02,1.5398074593453444,1.586481227423801,0.1794871794871795
medical,ixg:base,bad_medical_qwen25_14b_lora32_lr1e-4_posthoc_shard_ixg_base,runs/bad_medical_qwen25_14b_lora32_lr1e-4_posthoc_shard_ixg_base/evals.json,runs/bad_medical_qwen25_14b_lora32_lr1e-4_posthoc_shard_ixg_base/posthoc_eval/evals.json,0.05,1.4817270494708337,1.5311749430048913,0.425
medical,ixg:base,bad_medical_qwen25_14b_lora32_lr1e-4_posthoc_shard_ixg_base,runs/bad_medical_qwen25_14b_lora32_lr1e-4_posthoc_shard_ixg_base/evals.json,runs/bad_medical_qwen25_14b_lora32_lr1e-4_posthoc_shard_ixg_base/posthoc_eval/evals.json,0.1,1.446538604496925,1.504748552749842,0.5384615384615384
medical,ixg:base,bad_medical_qwen25_14b_lora32_lr1e-4_posthoc_shard_ixg_base,runs/bad_medical_qwen25_14b_lora32_lr1e-4_posthoc_shard_ixg_base/evals.json,runs/bad_medical_qwen25_14b_lora32_lr1e-4_posthoc_shard_ixg_base/posthoc_eval/evals.json,0.2,1.410873194473229,1.4839800473574278,0.717948717948718
medical,ixg:base,bad_medical_qwen25_14b_lora32_lr1e-4_posthoc_shard_ixg_base,runs/bad_medical_qwen25_14b_lora32_lr1e-4_posthoc_shard_ixg_base/evals.json,runs/bad_medical_qwen25_14b_lora32_lr1e-4_posthoc_shard_ixg_base/posthoc_eval/evals.json,0.5,1.3465073441395967,1.4710911103895494,0.7368421052631579
medical,ixg:base,bad_medical_qwen25_14b_lora32_lr1e-4_posthoc_shard_ixg_base,runs/bad_medical_qwen25_14b_lora32_lr1e-4_posthoc_shard_ixg_base/evals.json,runs/bad_medical_qwen25_14b_lora32_lr1e-4_posthoc_shard_ixg_base/posthoc_eval/evals.json,1.0,1.1990203388066059,1.4160750005152318,0.5945945945945946
medical,ixg:mc,bad_medical_qwen25_14b_lora32_lr1e-4_posthoc_shard_ixg_mc,runs/bad_medical_qwen25_14b_lora32_lr1e-4_posthoc_shard_ixg_mc/evals.json,runs/bad_medical_qwen25_14b_lora32_lr1e-4_posthoc_shard_ixg_mc/evals.json,0.0,3.5558036621496956,3.6090102130637103,0.05
medical,ixg:mc,bad_medical_qwen25_14b_lora32_lr1e-4_posthoc_shard_ixg_mc,runs/bad_medical_qwen25_14b_lora32_lr1e-4_posthoc_shard_ixg_mc/evals.json,runs/bad_medical_qwen25_14b_lora32_lr1e-4_posthoc_shard_ixg_mc/evals.json,0.001,1.660521044364948,1.7007493956899626,0.05128205128205128
medical,ixg:mc,bad_medical_qwen25_14b_lora32_lr1e-4_posthoc_shard_ixg_mc,runs/bad_medical_qwen25_14b_lora32_lr1e-4_posthoc_shard_ixg_mc/evals.json,runs/bad_medical_qwen25_14b_lora32_lr1e-4_posthoc_shard_ixg_mc/evals.json,0.002,1.5885802457196765,1.6265974159126395,0.075
medical,ixg:mc,bad_medical_qwen25_14b_lora32_lr1e-4_posthoc_shard_ixg_mc,runs/bad_medical_qwen25_14b_lora32_lr1e-4_posthoc_shard_ixg_mc/evals.json,runs/bad_medical_qwen25_14b_lora32_lr1e-4_posthoc_shard_ixg_mc/evals.json,0.005,1.550083691811975,1.5903489083954783,0.5263157894736842
medical,ixg:mc,bad_medical_qwen25_14b_lora32_lr1e-4_posthoc_shard_ixg_mc,runs/bad_medical_qwen25_14b_lora32_lr1e-4_posthoc_shard_ixg_mc/evals.json,runs/bad_medical_qwen25_14b_lora32_lr1e-4_posthoc_shard_ixg_mc/evals.json,0.01,1.5243291944634512,1.5664619683346033,0.625
medical,ixg:mc,bad_medical_qwen25_14b_lora32_lr1e-4_posthoc_shard_ixg_mc,runs/bad_medical_qwen25_14b_lora32_lr1e-4_posthoc_shard_ixg_mc/evals.json,runs/bad_medical_qwen25_14b_lora32_lr1e-4_posthoc_shard_ixg_mc/evals.json,0.02,1.503699714855947,1.5499211678773295,0.7368421052631579
medical,ixg:mc,bad_medical_qwen25_14b_lora32_lr1e-4_posthoc_shard_ixg_mc,runs/bad_medical_qwen25_14b_lora32_lr1e-4_posthoc_shard_ixg_mc/evals.json,runs/bad_medical_qwen25_14b_lora32_lr1e-4_posthoc_shard_ixg_mc/evals.json,0.05,1.4812318460100649,1.5407253764606974,0.8333333333333334
medical,ixg:mc,bad_medical_qwen25_14b_lora32_lr1e-4_posthoc_shard_ixg_mc,runs/bad_medical_qwen25_14b_lora32_lr1e-4_posthoc_shard_ixg_mc/evals.json,runs/bad_medical_qwen25_14b_lora32_lr1e-4_posthoc_shard_ixg_mc/evals.json,0.1,1.4641203621219347,1.5414998133580287,1.0
medical,ixg:mc,bad_medical_qwen25_14b_lora32_lr1e-4_posthoc_shard_ixg_mc,runs/bad_medical_qwen25_14b_lora32_lr1e-4_posthoc_shard_ixg_mc/evals.json,runs/bad_medical_qwen25_14b_lora32_lr1e-4_posthoc_shard_ixg_mc/evals.json,0.2,1.4420361406245967,1.550210760309027,0.8378378378378378
medical,ixg:mc,bad_medical_qwen25_14b_lora32_lr1e-4_posthoc_shard_ixg_mc,runs/bad_medical_qwen25_14b_lora32_lr1e-4_posthoc_shard_ixg_mc/evals.json,runs/bad_medical_qwen25_14b_lora32_lr1e-4_posthoc_shard_ixg_mc/evals.json,0.5,1.3875978310771662,1.554173566403486,0.775
medical,ixg:mc,bad_medical_qwen25_14b_lora32_lr1e-4_posthoc_shard_ixg_mc,runs/bad_medical_qwen25_14b_lora32_lr1e-4_posthoc_shard_ixg_mc/evals.json,runs/bad_medical_qwen25_14b_lora32_lr1e-4_posthoc_shard_ixg_mc/evals.json,1.0,1.1990203388066059,1.4160750005152318,0.575
medical,random,bad_medical_qwen25_14b_lora32_lr1e-4_posthoc_shard_random,runs/bad_medical_qwen25_14b_lora32_lr1e-4_posthoc_shard_random/evals.json,runs/bad_medical_qwen25_14b_lora32_lr1e-4_posthoc_shard_random/posthoc_eval/evals.json,0.0,3.5558036621496956,3.6090102130637103,0.05
medical,random,bad_medical_qwen25_14b_lora32_lr1e-4_posthoc_shard_random,runs/bad_medical_qwen25_14b_lora32_lr1e-4_posthoc_shard_random/evals.json,runs/bad_medical_qwen25_14b_lora32_lr1e-4_posthoc_shard_random/posthoc_eval/evals.json,0.001,3.499796644820348,3.553894718130787,0.05
medical,random,bad_medical_qwen25_14b_lora32_lr1e-4_posthoc_shard_random,runs/bad_medical_qwen25_14b_lora32_lr1e-4_posthoc_shard_random/evals.json,runs/bad_medical_qwen25_14b_lora32_lr1e-4_posthoc_shard_random/posthoc_eval/evals.json,0.002,3.4338102584826267,3.488233593595532,0.075
medical,random,bad_medical_qwen25_14b_lora32_lr1e-4_posthoc_shard_random,runs/bad_medical_qwen25_14b_lora32_lr1e-4_posthoc_shard_random/evals.json,runs/bad_medical_qwen25_14b_lora32_lr1e-4_posthoc_shard_random/posthoc_eval/evals.json,0.005,3.234771848217108,3.290326685973735,0.075
medical,random,bad_medical_qwen25_14b_lora32_lr1e-4_posthoc_shard_random,runs/bad_medical_qwen25_14b_lora32_lr1e-4_posthoc_shard_random/evals.json,runs/bad_medical_qwen25_14b_lora32_lr1e-4_posthoc_shard_random/posthoc_eval/evals.json,0.01,2.9097708735950323,2.964130508316147,0.05
medical,random,bad_medical_qwen25_14b_lora32_lr1e-4_posthoc_shard_random,runs/bad_medical_qwen25_14b_lora32_lr1e-4_posthoc_shard_random/evals.json,runs/bad_medical_qwen25_14b_lora32_lr1e-4_posthoc_shard_random/posthoc_eval/evals.json,0.02,2.443014346184955,2.4864055577651922,0.05
medical,random,bad_medical_qwen25_14b_lora32_lr1e-4_posthoc_shard_random,runs/bad_medical_qwen25_14b_lora32_lr1e-4_posthoc_shard_random/evals.json,runs/bad_medical_qwen25_14b_lora32_lr1e-4_posthoc_shard_random/posthoc_eval/evals.json,0.05,2.038710743331594,2.0893629539659964,0.025
medical,random,bad_medical_qwen25_14b_lora32_lr1e-4_posthoc_shard_random,runs/bad_medical_qwen25_14b_lora32_lr1e-4_posthoc_shard_random/evals.json,runs/bad_medical_qwen25_14b_lora32_lr1e-4_posthoc_shard_random/posthoc_eval/evals.json,0.1,1.919458475593296,1.9867936050816453,0.02564102564102564
medical,random,bad_medical_qwen25_14b_lora32_lr1e-4_posthoc_shard_random,runs/bad_medical_qwen25_14b_lora32_lr1e-4_posthoc_shard_random/evals.json,runs/bad_medical_qwen25_14b_lora32_lr1e-4_posthoc_shard_random/posthoc_eval/evals.json,0.2,1.6261055528182415,1.7263390270821302,0.1
medical,random,bad_medical_qwen25_14b_lora32_lr1e-4_posthoc_shard_random,runs/bad_medical_qwen25_14b_lora32_lr1e-4_posthoc_shard_random/evals.json,runs/bad_medical_qwen25_14b_lora32_lr1e-4_posthoc_shard_random/posthoc_eval/evals.json,0.5,1.3343518440630886,1.484594908151236,0.23076923076923078
medical,random,bad_medical_qwen25_14b_lora32_lr1e-4_posthoc_shard_random,runs/bad_medical_qwen25_14b_lora32_lr1e-4_posthoc_shard_random/evals.json,runs/bad_medical_qwen25_14b_lora32_lr1e-4_posthoc_shard_random/posthoc_eval/evals.json,1.0,1.1990203388066059,1.4160750005152318,0.625
spelling,adam,spelling_qwen25_14b_lora32_lr1e-4_posthoc_best,runs/spelling_qwen25_14b_lora32_lr1e-4_posthoc_best/sft_loss_eval/evals.json,runs/spelling_qwen25_14b_lora32_lr1e-4_posthoc_best/evals.json,0.0,2.284395638854514,2.1516926772855167,0.03125
spelling,adam,spelling_qwen25_14b_lora32_lr1e-4_posthoc_best,runs/spelling_qwen25_14b_lora32_lr1e-4_posthoc_best/sft_loss_eval/evals.json,runs/spelling_qwen25_14b_lora32_lr1e-4_posthoc_best/evals.json,0.001,1.3574821942591198,1.3364001435154276,0.359375
spelling,adam,spelling_qwen25_14b_lora32_lr1e-4_posthoc_best,runs/spelling_qwen25_14b_lora32_lr1e-4_posthoc_best/sft_loss_eval/evals.json,runs/spelling_qwen25_14b_lora32_lr1e-4_posthoc_best/evals.json,0.002,1.3410107280009147,1.3221416510682436,0.5625
spelling,adam,spelling_qwen25_14b_lora32_lr1e-4_posthoc_best,runs/spelling_qwen25_14b_lora32_lr1e-4_posthoc_best/sft_loss_eval/evals.json,runs/spelling_qwen25_14b_lora32_lr1e-4_posthoc_best/evals.json,0.005,1.3250701552916173,1.310311780932567,0.578125
spelling,adam,spelling_qwen25_14b_lora32_lr1e-4_posthoc_best,runs/spelling_qwen25_14b_lora32_lr1e-4_posthoc_best/sft_loss_eval/evals.json,runs/spelling_qwen25_14b_lora32_lr1e-4_posthoc_best/evals.json,0.01,1.3138601257330786,1.3047193550598501,0.59375
spelling,adam,spelling_qwen25_14b_lora32_lr1e-4_posthoc_best,runs/spelling_qwen25_14b_lora32_lr1e-4_posthoc_best/sft_loss_eval/evals.json,runs/spelling_qwen25_14b_lora32_lr1e-4_posthoc_best/evals.json,0.02,1.3020879921378994,1.3014860664850494,0.5625
spelling,adam,spelling_qwen25_14b_lora32_lr1e-4_posthoc_best,runs/spelling_qwen25_14b_lora32_lr1e-4_posthoc_best/sft_loss_eval/evals.json,runs/spelling_qwen25_14b_lora32_lr1e-4_posthoc_best/evals.json,0.05,1.2806350377972668,1.2996046619414374,0.640625
spelling,adam,spelling_qwen25_14b_lora32_lr1e-4_posthoc_best,runs/spelling_qwen25_14b_lora32_lr1e-4_posthoc_best/sft_loss_eval/evals.json,runs/spelling_qwen25_14b_lora32_lr1e-4_posthoc_best/evals.json,0.1,1.258345705436888,1.3005546319865038,0.59375
spelling,adam,spelling_qwen25_14b_lora32_lr1e-4_posthoc_best,runs/spelling_qwen25_14b_lora32_lr1e-4_posthoc_best/sft_loss_eval/evals.json,runs/spelling_qwen25_14b_lora32_lr1e-4_posthoc_best/evals.json,0.2,1.2289454259926826,1.302214913980161,0.59375
spelling,adam,spelling_qwen25_14b_lora32_lr1e-4_posthoc_best,runs/spelling_qwen25_14b_lora32_lr1e-4_posthoc_best/sft_loss_eval/evals.json,runs/spelling_qwen25_14b_lora32_lr1e-4_posthoc_best/evals.json,0.5,1.1777036899413538,1.2979986825790453,0.546875
spelling,adam,spelling_qwen25_14b_lora32_lr1e-4_posthoc_best,runs/spelling_qwen25_14b_lora32_lr1e-4_posthoc_best/sft_loss_eval/evals.json,runs/spelling_qwen25_14b_lora32_lr1e-4_posthoc_best/evals.json,1.0,1.1569180305404605,1.2903339080905145,0.625
spelling,ixg:base,spelling_qwen25_14b_lora32_lr1e-4_posthoc_ixg_base,runs/spelling_qwen25_14b_lora32_lr1e-4_posthoc_ixg_base/sft_loss_eval/evals.json,runs/spelling_qwen25_14b_lora32_lr1e-4_posthoc_ixg_base/evals.json,0.0,2.284395638854514,2.1516926772855167,0.046875
spelling,ixg:base,spelling_qwen25_14b_lora32_lr1e-4_posthoc_ixg_base,runs/spelling_qwen25_14b_lora32_lr1e-4_posthoc_ixg_base/sft_loss_eval/evals.json,runs/spelling_qwen25_14b_lora32_lr1e-4_posthoc_ixg_base/evals.json,0.001,1.4224967927808565,1.3938099471243264,0.03125
spelling,ixg:base,spelling_qwen25_14b_lora32_lr1e-4_posthoc_ixg_base,runs/spelling_qwen25_14b_lora32_lr1e-4_posthoc_ixg_base/sft_loss_eval/evals.json,runs/spelling_qwen25_14b_lora32_lr1e-4_posthoc_ixg_base/evals.json,0.002,1.3949657798544604,1.3692427102210405,0.078125
spelling,ixg:base,spelling_qwen25_14b_lora32_lr1e-4_posthoc_ixg_base,runs/spelling_qwen25_14b_lora32_lr1e-4_posthoc_ixg_base/sft_loss_eval/evals.json,runs/spelling_qwen25_14b_lora32_lr1e-4_posthoc_ixg_base/evals.json,0.005,1.370297304590821,1.3477590803686395,0.171875
spelling,ixg:base,spelling_qwen25_14b_lora32_lr1e-4_posthoc_ixg_base,runs/spelling_qwen25_14b_lora32_lr1e-4_posthoc_ixg_base/sft_loss_eval/evals.json,runs/spelling_qwen25_14b_lora32_lr1e-4_posthoc_ixg_base/evals.json,0.01,1.354983253524158,1.3338470815549144,0.265625
spelling,ixg:base,spelling_qwen25_14b_lora32_lr1e-4_posthoc_ixg_base,runs/spelling_qwen25_14b_lora32_lr1e-4_posthoc_ixg_base/sft_loss_eval/evals.json,runs/spelling_qwen25_14b_lora32_lr1e-4_posthoc_ixg_base/evals.json,0.02,1.341951246065587,1.3233207539999523,0.328125
spelling,ixg:base,spelling_qwen25_14b_lora32_lr1e-4_posthoc_ixg_base,runs/spelling_qwen25_14b_lora32_lr1e-4_posthoc_ixg_base/sft_loss_eval/evals.json,runs/spelling_qwen25_14b_lora32_lr1e-4_posthoc_ixg_base/evals.json,0.05,1.3246845954280104,1.3124712186739949,0.46875
spelling,ixg:base,spelling_qwen25_14b_lora32_lr1e-4_posthoc_ixg_base,runs/spelling_qwen25_14b_lora32_lr1e-4_posthoc_ixg_base/sft_loss_eval/evals.json,runs/spelling_qwen25_14b_lora32_lr1e-4_posthoc_ixg_base/evals.json,0.1,1.3105216544038523,1.3058544942832275,0.515625
spelling,ixg:base,spelling_qwen25_14b_lora32_lr1e-4_posthoc_ixg_base,runs/spelling_qwen25_14b_lora32_lr1e-4_posthoc_ixg_base/sft_loss_eval/evals.json,runs/spelling_qwen25_14b_lora32_lr1e-4_posthoc_ixg_base/evals.json,0.2,1.2920481982406111,1.3016909820747293,0.625
spelling,ixg:base,spelling_qwen25_14b_lora32_lr1e-4_posthoc_ixg_base,runs/spelling_qwen25_14b_lora32_lr1e-4_posthoc_ixg_base/sft_loss_eval/evals.json,runs/spelling_qwen25_14b_lora32_lr1e-4_posthoc_ixg_base/evals.json,0.5,1.243141679220919,1.3023484816872526,0.71875
spelling,ixg:base,spelling_qwen25_14b_lora32_lr1e-4_posthoc_ixg_base,runs/spelling_qwen25_14b_lora32_lr1e-4_posthoc_ixg_base/sft_loss_eval/evals.json,runs/spelling_qwen25_14b_lora32_lr1e-4_posthoc_ixg_base/evals.json,1.0,1.1569180305404605,1.2903339080905145,0.625
spelling,ixg:mc,spelling_qwen25_14b_lora32_lr1e-4_posthoc_ixg_mc,runs/spelling_qwen25_14b_lora32_lr1e-4_posthoc_ixg_mc/sft_loss_eval/evals.json,runs/spelling_qwen25_14b_lora32_lr1e-4_posthoc_ixg_mc/evals.json,0.0,2.284395638854514,2.1516926772855167,0.046875
spelling,ixg:mc,spelling_qwen25_14b_lora32_lr1e-4_posthoc_ixg_mc,runs/spelling_qwen25_14b_lora32_lr1e-4_posthoc_ixg_mc/sft_loss_eval/evals.json,runs/spelling_qwen25_14b_lora32_lr1e-4_posthoc_ixg_mc/evals.json,0.001,1.3695253441770687,1.3485884296461443,0.296875
spelling,ixg:mc,spelling_qwen25_14b_lora32_lr1e-4_posthoc_ixg_mc,runs/spelling_qwen25_14b_lora32_lr1e-4_posthoc_ixg_mc/sft_loss_eval/evals.json,runs/spelling_qwen25_14b_lora32_lr1e-4_posthoc_ixg_mc/evals.json,0.002,1.352564808525234,1.3334948130275646,0.40625
spelling,ixg:mc,spelling_qwen25_14b_lora32_lr1e-4_posthoc_ixg_mc,runs/spelling_qwen25_14b_lora32_lr1e-4_posthoc_ixg_mc/sft_loss_eval/evals.json,runs/spelling_qwen25_14b_lora32_lr1e-4_posthoc_ixg_mc/evals.json,0.005,1.3382113469143442,1.3232003195192903,0.53125
spelling,ixg:mc,spelling_qwen25_14b_lora32_lr1e-4_posthoc_ixg_mc,runs/spelling_qwen25_14b_lora32_lr1e-4_posthoc_ixg_mc/sft_loss_eval/evals.json,runs/spelling_qwen25_14b_lora32_lr1e-4_posthoc_ixg_mc/evals.json,0.01,1.3284041079307005,1.3158437567063284,0.546875
spelling,ixg:mc,spelling_qwen25_14b_lora32_lr1e-4_posthoc_ixg_mc,runs/spelling_qwen25_14b_lora32_lr1e-4_posthoc_ixg_mc/sft_loss_eval/evals.json,runs/spelling_qwen25_14b_lora32_lr1e-4_posthoc_ixg_mc/evals.json,0.02,1.3192316923692564,1.3109703051230388,0.609375
spelling,ixg:mc,spelling_qwen25_14b_lora32_lr1e-4_posthoc_ixg_mc,runs/spelling_qwen25_14b_lora32_lr1e-4_posthoc_ixg_mc/sft_loss_eval/evals.json,runs/spelling_qwen25_14b_lora32_lr1e-4_posthoc_ixg_mc/evals.json,0.05,1.3045485765495535,1.3071365207270256,0.59375
spelling,ixg:mc,spelling_qwen25_14b_lora32_lr1e-4_posthoc_ixg_mc,runs/spelling_qwen25_14b_lora32_lr1e-4_posthoc_ixg_mc/sft_loss_eval/evals.json,runs/spelling_qwen25_14b_lora32_lr1e-4_posthoc_ixg_mc/evals.json,0.1,1.2898401350478854,1.307232365336926,0.703125
spelling,ixg:mc,spelling_qwen25_14b_lora32_lr1e-4_posthoc_ixg_mc,runs/spelling_qwen25_14b_lora32_lr1e-4_posthoc_ixg_mc/sft_loss_eval/evals.json,runs/spelling_qwen25_14b_lora32_lr1e-4_posthoc_ixg_mc/evals.json,0.2,1.2679283760290003,1.3097362475559158,0.734375
spelling,ixg:mc,spelling_qwen25_14b_lora32_lr1e-4_posthoc_ixg_mc,runs/spelling_qwen25_14b_lora32_lr1e-4_posthoc_ixg_mc/sft_loss_eval/evals.json,runs/spelling_qwen25_14b_lora32_lr1e-4_posthoc_ixg_mc/evals.json,0.5,1.2174059523969654,1.312460879751061,0.734375
spelling,ixg:mc,spelling_qwen25_14b_lora32_lr1e-4_posthoc_ixg_mc,runs/spelling_qwen25_14b_lora32_lr1e-4_posthoc_ixg_mc/sft_loss_eval/evals.json,runs/spelling_qwen25_14b_lora32_lr1e-4_posthoc_ixg_mc/evals.json,1.0,1.1569180305404605,1.2903339080905145,0.625
spelling,random,spelling_qwen25_14b_lora32_lr1e-4_posthoc_random,runs/spelling_qwen25_14b_lora32_lr1e-4_posthoc_random/sft_loss_eval/evals.json,runs/spelling_qwen25_14b_lora32_lr1e-4_posthoc_random/evals.json,0.0,2.284395638854514,2.1516926772855167,0.046875
spelling,random,spelling_qwen25_14b_lora32_lr1e-4_posthoc_random,runs/spelling_qwen25_14b_lora32_lr1e-4_posthoc_random/sft_loss_eval/evals.json,runs/spelling_qwen25_14b_lora32_lr1e-4_posthoc_random/evals.json,0.001,2.2531126419078875,2.122697866493395,0.046875
spelling,random,spelling_qwen25_14b_lora32_lr1e-4_posthoc_random,runs/spelling_qwen25_14b_lora32_lr1e-4_posthoc_random/sft_loss_eval/evals.json,runs/spelling_qwen25_14b_lora32_lr1e-4_posthoc_random/evals.json,0.002,2.2163794741337566,2.0889719273093617,0.0625
spelling,random,spelling_qwen25_14b_lora32_lr1e-4_posthoc_random,runs/spelling_qwen25_14b_lora32_lr1e-4_posthoc_random/sft_loss_eval/evals.json,runs/spelling_qwen25_14b_lora32_lr1e-4_posthoc_random/evals.json,0.005,2.1082346087108577,1.9903706438671371,0.046875
spelling,random,spelling_qwen25_14b_lora32_lr1e-4_posthoc_random,runs/spelling_qwen25_14b_lora32_lr1e-4_posthoc_random/sft_loss_eval/evals.json,runs/spelling_qwen25_14b_lora32_lr1e-4_posthoc_random/evals.json,0.01,1.9464417521925106,1.844394180099194,0.03125
spelling,random,spelling_qwen25_14b_lora32_lr1e-4_posthoc_random,runs/spelling_qwen25_14b_lora32_lr1e-4_posthoc_random/sft_loss_eval/evals.json,runs/spelling_qwen25_14b_lora32_lr1e-4_posthoc_random/evals.json,0.02,1.711724277513989,1.6374994783966808,0.046875
spelling,random,spelling_qwen25_14b_lora32_lr1e-4_posthoc_random,runs/spelling_qwen25_14b_lora32_lr1e-4_posthoc_random/sft_loss_eval/evals.json,runs/spelling_qwen25_14b_lora32_lr1e-4_posthoc_random/evals.json,0.05,1.5181627174015389,1.4869760308371882,0.015625
spelling,random,spelling_qwen25_14b_lora32_lr1e-4_posthoc_random,runs/spelling_qwen25_14b_lora32_lr1e-4_posthoc_random/sft_loss_eval/evals.json,runs/spelling_qwen25_14b_lora32_lr1e-4_posthoc_random/evals.json,0.1,1.445310293197837,1.4404677365992655,0.0
spelling,random,spelling_qwen25_14b_lora32_lr1e-4_posthoc_random,runs/spelling_qwen25_14b_lora32_lr1e-4_posthoc_random/sft_loss_eval/evals.json,runs/spelling_qwen25_14b_lora32_lr1e-4_posthoc_random/evals.json,0.2,1.3664151192429785,1.3876065002205638,0.0625
spelling,random,spelling_qwen25_14b_lora32_lr1e-4_posthoc_random,runs/spelling_qwen25_14b_lora32_lr1e-4_posthoc_random/sft_loss_eval/evals.json,runs/spelling_qwen25_14b_lora32_lr1e-4_posthoc_random/evals.json,0.5,1.23839568845502,1.3115192926164814,0.453125
spelling,random,spelling_qwen25_14b_lora32_lr1e-4_posthoc_random,runs/spelling_qwen25_14b_lora32_lr1e-4_posthoc_random/sft_loss_eval/evals.json,runs/spelling_qwen25_14b_lora32_lr1e-4_posthoc_random/evals.json,1.0,1.1569180305404605,1.2903339080905145,0.625
