task,arm,run,loss_source,loss_tokens,frac,train_loss,test_loss,on_target,off_target
caps,adam,caps_qwen25_14b_lora32_lr1e-4_posthoc_best,runs/caps_qwen25_14b_lora32_lr1e-4_posthoc_best/sft_loss_eval/evals.json,20859,0.0,1.658031219302554,1.6678026421448775,0.0,0.0
caps,adam,caps_qwen25_14b_lora32_lr1e-4_posthoc_best,runs/caps_qwen25_14b_lora32_lr1e-4_posthoc_best/sparse_eval/evals.json,20859,1e-05,1.264723262524558,1.2858417492149672,0.015625,0.0
caps,adam,caps_qwen25_14b_lora32_lr1e-4_posthoc_best,runs/caps_qwen25_14b_lora32_lr1e-4_posthoc_best/sparse_eval/evals.json,20859,2e-05,1.2077184890717092,1.230887765023491,0.015625,0.0
caps,adam,caps_qwen25_14b_lora32_lr1e-4_posthoc_best,runs/caps_qwen25_14b_lora32_lr1e-4_posthoc_best/sparse_eval/evals.json,20859,5e-05,1.121970066152996,1.1473427237643223,0.03125,0.0
caps,adam,caps_qwen25_14b_lora32_lr1e-4_posthoc_best,runs/caps_qwen25_14b_lora32_lr1e-4_posthoc_best/sparse_eval/evals.json,20859,0.0001,1.0485604816429273,1.0782572121146747,0.0625,0.0
caps,adam,caps_qwen25_14b_lora32_lr1e-4_posthoc_best,runs/caps_qwen25_14b_lora32_lr1e-4_posthoc_best/sparse_eval/evals.json,20859,0.0002,0.9871164737843812,1.0189335800793422,0.171875,0.0
caps,adam,caps_qwen25_14b_lora32_lr1e-4_posthoc_best,runs/caps_qwen25_14b_lora32_lr1e-4_posthoc_best/sparse_eval/evals.json,20859,0.0005,0.9310129581593811,0.9649609805719354,0.703125,0.0
caps,adam,caps_qwen25_14b_lora32_lr1e-4_posthoc_best,runs/caps_qwen25_14b_lora32_lr1e-4_posthoc_best/sft_loss_eval/evals.json,20859,0.001,0.9055080811026522,0.938483538280838,0.875,0.0
caps,adam,caps_qwen25_14b_lora32_lr1e-4_posthoc_best,runs/caps_qwen25_14b_lora32_lr1e-4_posthoc_best/sft_loss_eval/evals.json,20859,0.002,0.8886160440201375,0.9208909935459514,0.9375,0.0
caps,adam,caps_qwen25_14b_lora32_lr1e-4_posthoc_best,runs/caps_qwen25_14b_lora32_lr1e-4_posthoc_best/sft_loss_eval/evals.json,20859,0.005,0.8727234006630649,0.9058654425248094,0.921875,0.0
caps,adam,caps_qwen25_14b_lora32_lr1e-4_posthoc_best,runs/caps_qwen25_14b_lora32_lr1e-4_posthoc_best/sft_loss_eval/evals.json,20859,0.01,0.8611568908091847,0.8989901316577976,0.9375,0.0
caps,adam,caps_qwen25_14b_lora32_lr1e-4_posthoc_best,runs/caps_qwen25_14b_lora32_lr1e-4_posthoc_best/sft_loss_eval/evals.json,20859,0.02,0.847470914169941,0.8935443408720456,0.96875,0.015625
caps,adam,caps_qwen25_14b_lora32_lr1e-4_posthoc_best,runs/caps_qwen25_14b_lora32_lr1e-4_posthoc_best/sft_loss_eval/evals.json,20859,0.05,0.8243499815815324,0.8871293379057001,0.984375,0.046875
caps,adam,caps_qwen25_14b_lora32_lr1e-4_posthoc_best,runs/caps_qwen25_14b_lora32_lr1e-4_posthoc_best/sft_loss_eval/evals.json,20859,0.1,0.8009606381999018,0.8836764668428496,0.96875,0.078125
caps,adam,caps_qwen25_14b_lora32_lr1e-4_posthoc_best,runs/caps_qwen25_14b_lora32_lr1e-4_posthoc_best/sft_loss_eval/evals.json,20859,0.2,0.7729670136757122,0.8825495739249245,0.96875,0.09375
caps,adam,caps_qwen25_14b_lora32_lr1e-4_posthoc_best,runs/caps_qwen25_14b_lora32_lr1e-4_posthoc_best/sft_loss_eval/evals.json,20859,0.5,0.7291359052676817,0.8815037686070761,0.953125,0.125
caps,adam,caps_qwen25_14b_lora32_lr1e-4_posthoc_best,runs/caps_qwen25_14b_lora32_lr1e-4_posthoc_best/sft_loss_eval/evals.json,20859,1.0,0.7152930359006631,0.8770010659367659,0.984375,0.09375
caps,ixg:mc,caps_qwen25_14b_lora32_lr1e-4_posthoc_ixg_mc,runs/caps_qwen25_14b_lora32_lr1e-4_posthoc_ixg_mc/sft_loss_eval/evals.json,20859,0.0,1.658031219302554,1.6678026421448775,0.0,0.0
caps,ixg:mc,caps_qwen25_14b_lora32_lr1e-4_posthoc_ixg_mc,runs/caps_qwen25_14b_lora32_lr1e-4_posthoc_ixg_mc/sparse_eval/evals.json,20859,1e-05,1.289967690938114,1.311584721373268,0.015625,0.0
caps,ixg:mc,caps_qwen25_14b_lora32_lr1e-4_posthoc_ixg_mc,runs/caps_qwen25_14b_lora32_lr1e-4_posthoc_ixg_mc/sparse_eval/evals.json,20859,2e-05,1.236538306575393,1.259288462863752,0.015625,0.0
caps,ixg:mc,caps_qwen25_14b_lora32_lr1e-4_posthoc_ixg_mc,runs/caps_qwen25_14b_lora32_lr1e-4_posthoc_ixg_mc/sparse_eval/evals.json,20859,5e-05,1.158184035025786,1.1829605925499784,0.015625,0.0
caps,ixg:mc,caps_qwen25_14b_lora32_lr1e-4_posthoc_ixg_mc,runs/caps_qwen25_14b_lora32_lr1e-4_posthoc_ixg_mc/sparse_eval/evals.json,20859,0.0001,1.0817957430316798,1.1104861622980489,0.046875,0.0
caps,ixg:mc,caps_qwen25_14b_lora32_lr1e-4_posthoc_ixg_mc,runs/caps_qwen25_14b_lora32_lr1e-4_posthoc_ixg_mc/sparse_eval/evals.json,20859,0.0002,1.009099394492878,1.0413467170945396,0.171875,0.0
caps,ixg:mc,caps_qwen25_14b_lora32_lr1e-4_posthoc_ixg_mc,runs/caps_qwen25_14b_lora32_lr1e-4_posthoc_ixg_mc/sparse_eval/evals.json,20859,0.0005,0.9439268940324165,0.9800400906083705,0.6875,0.0
caps,ixg:mc,caps_qwen25_14b_lora32_lr1e-4_posthoc_ixg_mc,runs/caps_qwen25_14b_lora32_lr1e-4_posthoc_ixg_mc/sft_loss_eval/evals.json,20859,0.001,0.9169391384761788,0.9547458156551129,0.84375,0.0
caps,ixg:mc,caps_qwen25_14b_lora32_lr1e-4_posthoc_ixg_mc,runs/caps_qwen25_14b_lora32_lr1e-4_posthoc_ixg_mc/sft_loss_eval/evals.json,20859,0.002,0.8995141169879666,0.9385193067141282,0.9375,0.0
caps,ixg:mc,caps_qwen25_14b_lora32_lr1e-4_posthoc_ixg_mc,runs/caps_qwen25_14b_lora32_lr1e-4_posthoc_ixg_mc/sft_loss_eval/evals.json,20859,0.005,0.882058110265226,0.9229814805659428,0.953125,0.046875
caps,ixg:mc,caps_qwen25_14b_lora32_lr1e-4_posthoc_ixg_mc,runs/caps_qwen25_14b_lora32_lr1e-4_posthoc_ixg_mc/sft_loss_eval/evals.json,20859,0.01,0.8702003583926817,0.9142973356824392,0.96875,0.09375
caps,ixg:mc,caps_qwen25_14b_lora32_lr1e-4_posthoc_ixg_mc,runs/caps_qwen25_14b_lora32_lr1e-4_posthoc_ixg_mc/sft_loss_eval/evals.json,20859,0.02,0.8582368921905698,0.9080493769176374,0.96875,0.15625
caps,ixg:mc,caps_qwen25_14b_lora32_lr1e-4_posthoc_ixg_mc,runs/caps_qwen25_14b_lora32_lr1e-4_posthoc_ixg_mc/sft_loss_eval/evals.json,20859,0.05,0.8372780190938114,0.9015014127594804,0.96875,0.453125
caps,ixg:mc,caps_qwen25_14b_lora32_lr1e-4_posthoc_ixg_mc,runs/caps_qwen25_14b_lora32_lr1e-4_posthoc_ixg_mc/sft_loss_eval/evals.json,20859,0.1,0.8166632451805009,0.8985037933266216,0.96875,0.78125
caps,ixg:mc,caps_qwen25_14b_lora32_lr1e-4_posthoc_ixg_mc,runs/caps_qwen25_14b_lora32_lr1e-4_posthoc_ixg_mc/sft_loss_eval/evals.json,20859,0.2,0.7882067607287574,0.896244295777602,0.984375,0.9375
caps,ixg:mc,caps_qwen25_14b_lora32_lr1e-4_posthoc_ixg_mc,runs/caps_qwen25_14b_lora32_lr1e-4_posthoc_ixg_mc/sft_loss_eval/evals.json,20859,0.5,0.7452390179887033,0.8945968878841267,0.96875,0.953125
caps,ixg:mc,caps_qwen25_14b_lora32_lr1e-4_posthoc_ixg_mc,runs/caps_qwen25_14b_lora32_lr1e-4_posthoc_ixg_mc/sft_loss_eval/evals.json,20859,1.0,0.7152930359006631,0.8770010659367659,0.984375,0.078125
caps,random,caps_qwen25_14b_lora32_lr1e-4_posthoc_random,runs/caps_qwen25_14b_lora32_lr1e-4_posthoc_random/sft_loss_eval/evals.json,20859,0.0,1.658031219302554,1.6678026421448775,0.0,0.0
caps,random,caps_qwen25_14b_lora32_lr1e-4_posthoc_random,runs/caps_qwen25_14b_lora32_lr1e-4_posthoc_random/sparse_eval/evals.json,20859,1e-05,1.6557619106090373,1.6671080603696247,0.0,0.0
caps,random,caps_qwen25_14b_lora32_lr1e-4_posthoc_random,runs/caps_qwen25_14b_lora32_lr1e-4_posthoc_random/sparse_eval/evals.json,20859,2e-05,1.6556184000491159,1.6664713448032025,0.0,0.0
caps,random,caps_qwen25_14b_lora32_lr1e-4_posthoc_random,runs/caps_qwen25_14b_lora32_lr1e-4_posthoc_random/sparse_eval/evals.json,20859,5e-05,1.6545842798379176,1.6655861228965914,0.0,0.0
caps,random,caps_qwen25_14b_lora32_lr1e-4_posthoc_random,runs/caps_qwen25_14b_lora32_lr1e-4_posthoc_random/sparse_eval/evals.json,20859,0.0001,1.6535814326498035,1.6647906029771322,0.0,0.0
caps,random,caps_qwen25_14b_lora32_lr1e-4_posthoc_random,runs/caps_qwen25_14b_lora32_lr1e-4_posthoc_random/sparse_eval/evals.json,20859,0.0002,1.6509669695481335,1.6618798764921616,0.0,0.0
caps,random,caps_qwen25_14b_lora32_lr1e-4_posthoc_random,runs/caps_qwen25_14b_lora32_lr1e-4_posthoc_random/sparse_eval/evals.json,20859,0.0005,1.643999033030452,1.6554526073876983,0.0,0.0
caps,random,caps_qwen25_14b_lora32_lr1e-4_posthoc_random,runs/caps_qwen25_14b_lora32_lr1e-4_posthoc_random/sft_loss_eval/evals.json,20859,0.001,1.6315642651031435,1.644204277829714,0.0,0.0
caps,random,caps_qwen25_14b_lora32_lr1e-4_posthoc_random,runs/caps_qwen25_14b_lora32_lr1e-4_posthoc_random/sft_loss_eval/evals.json,20859,0.002,1.6026959072630158,1.6157007691524043,0.0,0.0
caps,random,caps_qwen25_14b_lora32_lr1e-4_posthoc_random,runs/caps_qwen25_14b_lora32_lr1e-4_posthoc_random/sft_loss_eval/evals.json,20859,0.005,1.5062135467829076,1.5226546207572271,0.0,0.0
caps,random,caps_qwen25_14b_lora32_lr1e-4_posthoc_random,runs/caps_qwen25_14b_lora32_lr1e-4_posthoc_random/sft_loss_eval/evals.json,20859,0.01,1.369092372452112,1.3884525826681529,0.0,0.0
caps,random,caps_qwen25_14b_lora32_lr1e-4_posthoc_random,runs/caps_qwen25_14b_lora32_lr1e-4_posthoc_random/sft_loss_eval/evals.json,20859,0.02,1.1859054595407663,1.214423236822235,0.03125,0.0
caps,random,caps_qwen25_14b_lora32_lr1e-4_posthoc_random,runs/caps_qwen25_14b_lora32_lr1e-4_posthoc_random/sft_loss_eval/evals.json,20859,0.05,0.9936293206655207,1.0368072160098758,0.328125,0.0
caps,random,caps_qwen25_14b_lora32_lr1e-4_posthoc_random,runs/caps_qwen25_14b_lora32_lr1e-4_posthoc_random/sft_loss_eval/evals.json,20859,0.1,0.9504009853880158,1.0040576572163096,0.4375,0.0
caps,random,caps_qwen25_14b_lora32_lr1e-4_posthoc_random,runs/caps_qwen25_14b_lora32_lr1e-4_posthoc_random/sft_loss_eval/evals.json,20859,0.2,0.8989937952787328,0.9716863823769116,0.671875,0.0
caps,random,caps_qwen25_14b_lora32_lr1e-4_posthoc_random,runs/caps_qwen25_14b_lora32_lr1e-4_posthoc_random/sft_loss_eval/evals.json,20859,0.5,0.781982421875,0.8962574982621411,0.921875,0.0
caps,random,caps_qwen25_14b_lora32_lr1e-4_posthoc_random,runs/caps_qwen25_14b_lora32_lr1e-4_posthoc_random/sft_loss_eval/evals.json,20859,1.0,0.7152930359006631,0.8770010659367659,0.984375,0.078125
case,adam,lower_qwen25_14b_posthoc_shard_best,runs/lower_qwen25_14b_posthoc_shard_best/sft_loss_eval/evals.json,14920,0.0,2.5085637738526776,2.428266117208445,0.0,0.0
case,adam,lower_qwen25_14b_posthoc_shard_best,runs/lower_qwen25_14b_posthoc_shard_best/sparse_eval/evals.json,14920,1e-05,1.8355904499521236,1.768825402144772,0.0,0.0
case,adam,lower_qwen25_14b_posthoc_shard_best,runs/lower_qwen25_14b_posthoc_shard_best/sparse_eval/evals.json,14920,2e-05,1.7482496548201218,1.682062798466823,0.0,0.0
case,adam,lower_qwen25_14b_posthoc_shard_best,runs/lower_qwen25_14b_posthoc_shard_best/sparse_eval/evals.json,14920,5e-05,1.6125143468726488,1.5511658533009383,0.0,0.0
case,adam,lower_qwen25_14b_posthoc_shard_best,runs/lower_qwen25_14b_posthoc_shard_best/sparse_eval/evals.json,14920,0.0001,1.4882902000974625,1.4290913517928954,0.015625,0.0
case,adam,lower_qwen25_14b_posthoc_shard_best,runs/lower_qwen25_14b_posthoc_shard_best/sparse_eval/evals.json,14920,0.0002,1.3830379890226387,1.3258633283763406,0.109375,0.0
case,adam,lower_qwen25_14b_posthoc_shard_best,runs/lower_qwen25_14b_posthoc_shard_best/sparse_eval/evals.json,14920,0.0005,1.3092724879881676,1.253147646824732,0.9375,0.03125
case,adam,lower_qwen25_14b_posthoc_shard_best,runs/lower_qwen25_14b_posthoc_shard_best/sft_loss_eval/evals.json,14920,0.001,1.2759037193933382,1.2215473410271447,1.0,0.109375
case,adam,lower_qwen25_14b_posthoc_shard_best,runs/lower_qwen25_14b_posthoc_shard_best/sft_loss_eval/evals.json,14920,0.002,1.2504937247794268,1.1979844325988607,1.0,0.359375
case,adam,lower_qwen25_14b_posthoc_shard_best,runs/lower_qwen25_14b_posthoc_shard_best/sft_loss_eval/evals.json,14920,0.005,1.232490804108816,1.1831121449815685,1.0,0.875
case,adam,lower_qwen25_14b_posthoc_shard_best,runs/lower_qwen25_14b_posthoc_shard_best/sft_loss_eval/evals.json,14920,0.01,1.222849946139115,1.1784331539041555,0.984375,0.984375
case,adam,lower_qwen25_14b_posthoc_shard_best,runs/lower_qwen25_14b_posthoc_shard_best/sft_loss_eval/evals.json,14920,0.02,1.2116074214742494,1.1739537952412868,0.984375,1.0
case,adam,lower_qwen25_14b_posthoc_shard_best,runs/lower_qwen25_14b_posthoc_shard_best/sft_loss_eval/evals.json,14920,0.05,1.1906909101207168,1.1688655904406837,0.984375,1.0
case,adam,lower_qwen25_14b_posthoc_shard_best,runs/lower_qwen25_14b_posthoc_shard_best/sft_loss_eval/evals.json,14920,0.1,1.1676955716520758,1.1652481201826408,0.984375,1.0
case,adam,lower_qwen25_14b_posthoc_shard_best,runs/lower_qwen25_14b_posthoc_shard_best/sft_loss_eval/evals.json,14920,0.2,1.1371703959629984,1.164124811494638,0.984375,0.984375
case,adam,lower_qwen25_14b_posthoc_shard_best,runs/lower_qwen25_14b_posthoc_shard_best/sft_loss_eval/evals.json,14920,0.5,1.0842896801903084,1.1632672430043565,0.984375,1.0
case,adam,lower_qwen25_14b_posthoc_shard_best,runs/lower_qwen25_14b_posthoc_shard_best/sft_loss_eval/evals.json,14920,1.0,1.0613547214836536,1.1601031019604557,1.0,1.0
case,ixg:mc,lower_qwen25_14b_posthoc_shard_ixg_mc,runs/lower_qwen25_14b_posthoc_shard_ixg_mc/sft_loss_eval/evals.json,14920,0.0,2.5085637738526776,2.428266117208445,0.0,0.0
case,ixg:mc,lower_qwen25_14b_posthoc_shard_ixg_mc,runs/lower_qwen25_14b_posthoc_shard_ixg_mc/sparse_eval/evals.json,14920,1e-05,1.8749608600215444,1.808238862474866,0.0,0.0
case,ixg:mc,lower_qwen25_14b_posthoc_shard_ixg_mc,runs/lower_qwen25_14b_posthoc_shard_ixg_mc/sparse_eval/evals.json,14920,2e-05,1.790977420106354,1.7260022201742626,0.0,0.0
case,ixg:mc,lower_qwen25_14b_posthoc_shard_ixg_mc,runs/lower_qwen25_14b_posthoc_shard_ixg_mc/sparse_eval/evals.json,14920,5e-05,1.672539711716025,1.6091686913538874,0.0,0.0
case,ixg:mc,lower_qwen25_14b_posthoc_shard_ixg_mc,runs/lower_qwen25_14b_posthoc_shard_ixg_mc/sparse_eval/evals.json,14920,0.0001,1.5563849460963681,1.4982482091990617,0.0,0.0
case,ixg:mc,lower_qwen25_14b_posthoc_shard_ixg_mc,runs/lower_qwen25_14b_posthoc_shard_ixg_mc/sparse_eval/evals.json,14920,0.0002,1.437888728113672,1.382788675016756,0.015625,0.0
case,ixg:mc,lower_qwen25_14b_posthoc_shard_ixg_mc,runs/lower_qwen25_14b_posthoc_shard_ixg_mc/sparse_eval/evals.json,14920,0.0005,1.330859722317215,1.278037030831099,0.421875,0.015625
case,ixg:mc,lower_qwen25_14b_posthoc_shard_ixg_mc,runs/lower_qwen25_14b_posthoc_shard_ixg_mc/sft_loss_eval/evals.json,14920,0.001,1.2959603534727446,1.244345624581099,0.921875,0.09375
case,ixg:mc,lower_qwen25_14b_posthoc_shard_ixg_mc,runs/lower_qwen25_14b_posthoc_shard_ixg_mc/sft_loss_eval/evals.json,14920,0.002,1.2730351463648177,1.2237015384132037,0.96875,0.078125
case,ixg:mc,lower_qwen25_14b_posthoc_shard_ixg_mc,runs/lower_qwen25_14b_posthoc_shard_ixg_mc/sft_loss_eval/evals.json,14920,0.005,1.269983831047808,1.2256584597017426,0.984375,0.3125
case,ixg:mc,lower_qwen25_14b_posthoc_shard_ixg_mc,runs/lower_qwen25_14b_posthoc_shard_ixg_mc/sft_loss_eval/evals.json,14920,0.01,1.2673813564393681,1.226861621355563,0.984375,0.640625
case,ixg:mc,lower_qwen25_14b_posthoc_shard_ixg_mc,runs/lower_qwen25_14b_posthoc_shard_ixg_mc/sft_loss_eval/evals.json,14920,0.02,1.250541146937624,1.2126559096430964,0.984375,0.859375
case,ixg:mc,lower_qwen25_14b_posthoc_shard_ixg_mc,runs/lower_qwen25_14b_posthoc_shard_ixg_mc/sft_loss_eval/evals.json,14920,0.05,1.2269036723719309,1.1979920251759384,0.984375,0.96875
case,ixg:mc,lower_qwen25_14b_posthoc_shard_ixg_mc,runs/lower_qwen25_14b_posthoc_shard_ixg_mc/sft_loss_eval/evals.json,14920,0.1,1.2056725717717667,1.1908475410522787,0.984375,1.0
case,ixg:mc,lower_qwen25_14b_posthoc_shard_ixg_mc,runs/lower_qwen25_14b_posthoc_shard_ixg_mc/sft_loss_eval/evals.json,14920,0.2,1.1770181000359072,1.188203622444705,0.984375,1.0
case,ixg:mc,lower_qwen25_14b_posthoc_shard_ixg_mc,runs/lower_qwen25_14b_posthoc_shard_ixg_mc/sft_loss_eval/evals.json,14920,0.5,1.1222708881916421,1.186646882330764,0.984375,1.0
case,ixg:mc,lower_qwen25_14b_posthoc_shard_ixg_mc,runs/lower_qwen25_14b_posthoc_shard_ixg_mc/sft_loss_eval/evals.json,14920,1.0,1.0613547214836536,1.1601031019604557,0.984375,1.0
case,random,lower_qwen25_14b_posthoc_shard_random,runs/lower_qwen25_14b_posthoc_shard_random/sft_loss_eval/evals.json,14920,0.0,2.5085637738526776,2.428266117208445,0.0,0.0
case,random,lower_qwen25_14b_posthoc_shard_random,runs/lower_qwen25_14b_posthoc_shard_random/sparse_eval/evals.json,14920,1e-05,2.5053994468572602,2.4250971326239945,0.0,0.0
case,random,lower_qwen25_14b_posthoc_shard_random,runs/lower_qwen25_14b_posthoc_shard_random/sparse_eval/evals.json,14920,2e-05,2.505977596436632,2.425612904239276,0.0,0.0
case,random,lower_qwen25_14b_posthoc_shard_random,runs/lower_qwen25_14b_posthoc_shard_random/sparse_eval/evals.json,14920,5e-05,2.5045332911565557,2.424829297922252,0.0,0.0
case,random,lower_qwen25_14b_posthoc_shard_random,runs/lower_qwen25_14b_posthoc_shard_random/sparse_eval/evals.json,14920,0.0001,2.501444038112988,2.4208916303619303,0.0,0.0
case,random,lower_qwen25_14b_posthoc_shard_random,runs/lower_qwen25_14b_posthoc_shard_random/sparse_eval/evals.json,14920,0.0002,2.4953082787600027,2.414171676022118,0.0,0.0
case,random,lower_qwen25_14b_posthoc_shard_random,runs/lower_qwen25_14b_posthoc_shard_random/sparse_eval/evals.json,14920,0.0005,2.4852189808323644,2.405362192107909,0.0,0.0
case,random,lower_qwen25_14b_posthoc_shard_random,runs/lower_qwen25_14b_posthoc_shard_random/sft_loss_eval/evals.json,14920,0.001,2.4684384831748853,2.3880945773290883,0.0,0.0
case,random,lower_qwen25_14b_posthoc_shard_random,runs/lower_qwen25_14b_posthoc_shard_random/sft_loss_eval/evals.json,14920,0.002,2.4205100433451885,2.3406736972184987,0.0,0.0
case,random,lower_qwen25_14b_posthoc_shard_random,runs/lower_qwen25_14b_posthoc_shard_random/sft_loss_eval/evals.json,14920,0.005,2.2765021736714317,2.199362485338472,0.0,0.0
case,random,lower_qwen25_14b_posthoc_shard_random,runs/lower_qwen25_14b_posthoc_shard_random/sft_loss_eval/evals.json,14920,0.01,2.060008132566172,1.9886996271782842,0.0,0.0
case,random,lower_qwen25_14b_posthoc_shard_random,runs/lower_qwen25_14b_posthoc_shard_random/sft_loss_eval/evals.json,14920,0.02,1.7597427822139389,1.693914549472185,0.0,0.0
case,random,lower_qwen25_14b_posthoc_shard_random,runs/lower_qwen25_14b_posthoc_shard_random/sft_loss_eval/evals.json,14920,0.05,1.3976994509182,1.348407522411193,0.15625,0.0
case,random,lower_qwen25_14b_posthoc_shard_random,runs/lower_qwen25_14b_posthoc_shard_random/sft_loss_eval/evals.json,14920,0.1,1.3490944104370426,1.311828318741622,0.8125,0.015625
case,random,lower_qwen25_14b_posthoc_shard_random,runs/lower_qwen25_14b_posthoc_shard_random/sft_loss_eval/evals.json,14920,0.2,1.3124746191265988,1.2979530150385388,0.90625,0.171875
case,random,lower_qwen25_14b_posthoc_shard_random,runs/lower_qwen25_14b_posthoc_shard_random/sft_loss_eval/evals.json,14920,0.5,1.1459114351788524,1.1867724216655495,1.0,1.0
case,random,lower_qwen25_14b_posthoc_shard_random,runs/lower_qwen25_14b_posthoc_shard_random/sft_loss_eval/evals.json,14920,1.0,1.0613547214836536,1.1601031019604557,1.0,1.0
financial,adam,bad_medical_qwen25_14b_financial_posthoc_shard_best,runs/bad_medical_qwen25_14b_financial_posthoc_shard_best/evals.json,8688,0.0,4.224890694826401,4.206895466447974,0.0,0.0
financial,adam,bad_medical_qwen25_14b_financial_posthoc_shard_best,runs/bad_medical_qwen25_14b_financial_posthoc_shard_best/sparse_eval/evals.json,8688,1e-05,2.7191859674000227,2.726254514128683,0.0,0.0
financial,adam,bad_medical_qwen25_14b_financial_posthoc_shard_best,runs/bad_medical_qwen25_14b_financial_posthoc_shard_best/sparse_eval/evals.json,8688,2e-05,2.6193424949152058,2.6249318834167816,0.0,0.0
financial,adam,bad_medical_qwen25_14b_financial_posthoc_shard_best,runs/bad_medical_qwen25_14b_financial_posthoc_shard_best/sparse_eval/evals.json,8688,5e-05,2.4629946931935374,2.470197083980778,0.0,0.0
financial,adam,bad_medical_qwen25_14b_financial_posthoc_shard_best,runs/bad_medical_qwen25_14b_financial_posthoc_shard_best/sparse_eval/evals.json,8688,0.0001,2.322119034318781,2.3277846418911143,0.0,0.0
financial,adam,bad_medical_qwen25_14b_financial_posthoc_shard_best,runs/bad_medical_qwen25_14b_financial_posthoc_shard_best/sparse_eval/evals.json,8688,0.0002,2.13246851545491,2.1315668432752073,0.0,0.0
financial,adam,bad_medical_qwen25_14b_financial_posthoc_shard_best,runs/bad_medical_qwen25_14b_financial_posthoc_shard_best/sparse_eval/evals.json,8688,0.0005,1.8220169803483441,1.8306019257884438,0.25,0.02564102564102564
financial,adam,bad_medical_qwen25_14b_financial_posthoc_shard_best,runs/bad_medical_qwen25_14b_financial_posthoc_shard_best/evals.json,8688,0.001,1.6685083379884267,1.6784452153832874,0.8205128205128205,0.175
financial,adam,bad_medical_qwen25_14b_financial_posthoc_shard_best,runs/bad_medical_qwen25_14b_financial_posthoc_shard_best/evals.json,8688,0.002,1.5684695977641228,1.5799524577722146,0.8205128205128205,0.075
financial,adam,bad_medical_qwen25_14b_financial_posthoc_shard_best,runs/bad_medical_qwen25_14b_financial_posthoc_shard_best/evals.json,8688,0.005,1.47354922224132,1.4940800394581606,0.9736842105263158,0.325
financial,adam,bad_medical_qwen25_14b_financial_posthoc_shard_best,runs/bad_medical_qwen25_14b_financial_posthoc_shard_best/evals.json,8688,0.01,1.4173258771270196,1.4461300114022215,0.8974358974358975,0.39473684210526316
financial,adam,bad_medical_qwen25_14b_financial_posthoc_shard_best,runs/bad_medical_qwen25_14b_financial_posthoc_shard_best/evals.json,8688,0.02,1.372089447619457,1.412468054896121,0.925,0.6111111111111112
financial,adam,bad_medical_qwen25_14b_financial_posthoc_shard_best,runs/bad_medical_qwen25_14b_financial_posthoc_shard_best/evals.json,8688,0.05,1.3186376734917498,1.377349347699413,0.975,0.5588235294117647
financial,adam,bad_medical_qwen25_14b_financial_posthoc_shard_best,runs/bad_medical_qwen25_14b_financial_posthoc_shard_best/evals.json,8688,0.1,1.2775617337000114,1.3559941244388811,1.0,0.6875
financial,adam,bad_medical_qwen25_14b_financial_posthoc_shard_best,runs/bad_medical_qwen25_14b_financial_posthoc_shard_best/evals.json,8688,0.2,1.2354464547883006,1.3395800511481353,0.9230769230769231,0.5675675675675675
financial,adam,bad_medical_qwen25_14b_financial_posthoc_shard_best,runs/bad_medical_qwen25_14b_financial_posthoc_shard_best/evals.json,8688,0.5,1.1936490874226537,1.327414721634726,0.9166666666666666,0.6285714285714286
financial,adam,bad_medical_qwen25_14b_financial_posthoc_shard_best,runs/bad_medical_qwen25_14b_financial_posthoc_shard_best/evals.json,8688,1.0,1.1884102050389596,1.3233036722706606,0.972972972972973,0.5588235294117647
financial,ixg:mc,bad_medical_qwen25_14b_financial_posthoc_shard_ixg_mc,runs/bad_medical_qwen25_14b_financial_posthoc_shard_ixg_mc/evals.json,8688,0.0,4.22310399326164,4.205519129997239,0.0,0.0
financial,ixg:mc,bad_medical_qwen25_14b_financial_posthoc_shard_ixg_mc,runs/bad_medical_qwen25_14b_financial_posthoc_shard_ixg_mc/sparse_eval/evals.json,8688,1e-05,2.7624239518878193,2.7691888686262662,0.0,0.0
financial,ixg:mc,bad_medical_qwen25_14b_financial_posthoc_shard_ixg_mc,runs/bad_medical_qwen25_14b_financial_posthoc_shard_ixg_mc/sparse_eval/evals.json,8688,2e-05,2.682962626761774,2.6906416806946365,0.0,0.0
financial,ixg:mc,bad_medical_qwen25_14b_financial_posthoc_shard_ixg_mc,runs/bad_medical_qwen25_14b_financial_posthoc_shard_ixg_mc/sparse_eval/evals.json,8688,5e-05,2.5113823747421793,2.519089054227095,0.0,0.0
financial,ixg:mc,bad_medical_qwen25_14b_financial_posthoc_shard_ixg_mc,runs/bad_medical_qwen25_14b_financial_posthoc_shard_ixg_mc/sparse_eval/evals.json,8688,0.0001,2.3672541931648907,2.374699207959254,0.0,0.0
financial,ixg:mc,bad_medical_qwen25_14b_financial_posthoc_shard_ixg_mc,runs/bad_medical_qwen25_14b_financial_posthoc_shard_ixg_mc/sparse_eval/evals.json,8688,0.0002,2.201346664804629,2.207445120065032,0.0,0.0
financial,ixg:mc,bad_medical_qwen25_14b_financial_posthoc_shard_ixg_mc,runs/bad_medical_qwen25_14b_financial_posthoc_shard_ixg_mc/sparse_eval/evals.json,8688,0.0005,1.965763354746763,1.967041690046616,0.0,0.0
financial,ixg:mc,bad_medical_qwen25_14b_financial_posthoc_shard_ixg_mc,runs/bad_medical_qwen25_14b_financial_posthoc_shard_ixg_mc/evals.json,8688,0.001,1.7819973672530462,1.7904970566870757,0.02564102564102564,0.0
financial,ixg:mc,bad_medical_qwen25_14b_financial_posthoc_shard_ixg_mc,runs/bad_medical_qwen25_14b_financial_posthoc_shard_ixg_mc/evals.json,8688,0.002,1.6668216136636447,1.6788633295624735,0.5135135135135135,0.025
financial,ixg:mc,bad_medical_qwen25_14b_financial_posthoc_shard_ixg_mc,runs/bad_medical_qwen25_14b_financial_posthoc_shard_ixg_mc/evals.json,8688,0.005,1.5711969651210973,1.5871029997837918,0.7435897435897436,0.3076923076923077
financial,ixg:mc,bad_medical_qwen25_14b_financial_posthoc_shard_ixg_mc,runs/bad_medical_qwen25_14b_financial_posthoc_shard_ixg_mc/evals.json,8688,0.01,1.5268142947602057,1.547920442198302,0.925,0.425
financial,ixg:mc,bad_medical_qwen25_14b_financial_posthoc_shard_ixg_mc,runs/bad_medical_qwen25_14b_financial_posthoc_shard_ixg_mc/evals.json,8688,0.02,1.495137232691613,1.523388511348605,0.95,0.5789473684210527
financial,ixg:mc,bad_medical_qwen25_14b_financial_posthoc_shard_ixg_mc,runs/bad_medical_qwen25_14b_financial_posthoc_shard_ixg_mc/evals.json,8688,0.05,1.4647803937663488,1.5068796761128125,0.9230769230769231,0.5945945945945946
financial,ixg:mc,bad_medical_qwen25_14b_financial_posthoc_shard_ixg_mc,runs/bad_medical_qwen25_14b_financial_posthoc_shard_ixg_mc/evals.json,8688,0.1,1.4431511664890513,1.5002874463083116,0.9743589743589743,0.6571428571428571
financial,ixg:mc,bad_medical_qwen25_14b_financial_posthoc_shard_ixg_mc,runs/bad_medical_qwen25_14b_financial_posthoc_shard_ixg_mc/evals.json,8688,0.2,1.421615907440238,1.5000335107631226,0.9743589743589743,0.6363636363636364
financial,ixg:mc,bad_medical_qwen25_14b_financial_posthoc_shard_ixg_mc,runs/bad_medical_qwen25_14b_financial_posthoc_shard_ixg_mc/evals.json,8688,0.5,1.3809014289010577,1.4935236433812487,1.0,0.5757575757575758
financial,ixg:mc,bad_medical_qwen25_14b_financial_posthoc_shard_ixg_mc,runs/bad_medical_qwen25_14b_financial_posthoc_shard_ixg_mc/evals.json,8688,1.0,1.1888056104093316,1.3233933365366954,0.9722222222222222,0.6
financial,random,bad_medical_qwen25_14b_financial_posthoc_shard_random,runs/bad_medical_qwen25_14b_financial_posthoc_shard_random/evals.json,8688,0.0,4.22310399326164,4.205519129997239,0.0,0.0
financial,random,bad_medical_qwen25_14b_financial_posthoc_shard_random,runs/bad_medical_qwen25_14b_financial_posthoc_shard_random/sparse_eval/evals.json,8688,1e-05,4.221165277300332,4.20319064370396,0.0,0.0
financial,random,bad_medical_qwen25_14b_financial_posthoc_shard_random,runs/bad_medical_qwen25_14b_financial_posthoc_shard_random/sparse_eval/evals.json,8688,2e-05,4.218935308525267,4.2005266783206725,0.0,0.0
financial,random,bad_medical_qwen25_14b_financial_posthoc_shard_random,runs/bad_medical_qwen25_14b_financial_posthoc_shard_random/sparse_eval/evals.json,8688,5e-05,4.212364465165578,4.195956347836096,0.0,0.0
financial,random,bad_medical_qwen25_14b_financial_posthoc_shard_random,runs/bad_medical_qwen25_14b_financial_posthoc_shard_random/sparse_eval/evals.json,8688,0.0001,4.212736425031512,4.194838606411142,0.0,0.0
financial,random,bad_medical_qwen25_14b_financial_posthoc_shard_random,runs/bad_medical_qwen25_14b_financial_posthoc_shard_random/sparse_eval/evals.json,8688,0.0002,4.193610705282457,4.1732503704822745,0.0,0.0
financial,random,bad_medical_qwen25_14b_financial_posthoc_shard_random,runs/bad_medical_qwen25_14b_financial_posthoc_shard_random/sparse_eval/evals.json,8688,0.0005,4.16290946917612,4.144731778027164,0.0,0.0
financial,random,bad_medical_qwen25_14b_financial_posthoc_shard_random,runs/bad_medical_qwen25_14b_financial_posthoc_shard_random/evals.json,8688,0.001,4.121580634232416,4.1022956665488675,0.0,0.0
financial,random,bad_medical_qwen25_14b_financial_posthoc_shard_random,runs/bad_medical_qwen25_14b_financial_posthoc_shard_random/evals.json,8688,0.002,4.002973758246845,3.9859195141941584,0.0,0.0
financial,random,bad_medical_qwen25_14b_financial_posthoc_shard_random,runs/bad_medical_qwen25_14b_financial_posthoc_shard_random/evals.json,8688,0.005,3.671548618925551,3.6617587855288116,0.0,0.0
financial,random,bad_medical_qwen25_14b_financial_posthoc_shard_random,runs/bad_medical_qwen25_14b_financial_posthoc_shard_random/evals.json,8688,0.01,3.2789596552371814,3.280490088418922,0.0,0.0
financial,random,bad_medical_qwen25_14b_financial_posthoc_shard_random,runs/bad_medical_qwen25_14b_financial_posthoc_shard_random/evals.json,8688,0.02,2.847424535662827,2.8589206374152587,0.0,0.0
financial,random,bad_medical_qwen25_14b_financial_posthoc_shard_random,runs/bad_medical_qwen25_14b_financial_posthoc_shard_random/evals.json,8688,0.05,2.293267307869413,2.301830182857057,0.0,0.0
financial,random,bad_medical_qwen25_14b_financial_posthoc_shard_random,runs/bad_medical_qwen25_14b_financial_posthoc_shard_random/evals.json,8688,0.1,1.8971153273265005,1.9170933362528764,0.0,0.0
financial,random,bad_medical_qwen25_14b_financial_posthoc_shard_random,runs/bad_medical_qwen25_14b_financial_posthoc_shard_random/evals.json,8688,0.2,1.650498972980512,1.692435037584814,0.0,0.0
financial,random,bad_medical_qwen25_14b_financial_posthoc_shard_random,runs/bad_medical_qwen25_14b_financial_posthoc_shard_random/evals.json,8688,0.5,1.34034085637094,1.4355122713752873,0.0,0.0
financial,random,bad_medical_qwen25_14b_financial_posthoc_shard_random,runs/bad_medical_qwen25_14b_financial_posthoc_shard_random/evals.json,8688,1.0,1.1888056104093316,1.3233933365366954,0.0,0.0
fr2de,adam,fr2de_qwen25_14b_lr1e-4_posthoc_shard_best,runs/fr2de_qwen25_14b_lr1e-4_posthoc_shard_best/sft_loss_eval/evals.json,53268,0.0,1.2696627754813783,1.2918228638676128,0.0,0.0
fr2de,adam,fr2de_qwen25_14b_lr1e-4_posthoc_shard_best,runs/fr2de_qwen25_14b_lr1e-4_posthoc_shard_best/sparse_eval/evals.json,53268,1e-05,1.1197954531292191,1.148411613797214,0.0,0.0
fr2de,adam,fr2de_qwen25_14b_lr1e-4_posthoc_shard_best,runs/fr2de_qwen25_14b_lr1e-4_posthoc_shard_best/sparse_eval/evals.json,53268,2e-05,1.1015330467305735,1.1304357359249455,0.0,0.0
fr2de,adam,fr2de_qwen25_14b_lr1e-4_posthoc_shard_best,runs/fr2de_qwen25_14b_lr1e-4_posthoc_shard_best/sparse_eval/evals.json,53268,5e-05,1.0742343285887876,1.105471683280769,0.0,0.0
fr2de,adam,fr2de_qwen25_14b_lr1e-4_posthoc_shard_best,runs/fr2de_qwen25_14b_lr1e-4_posthoc_shard_best/sparse_eval/evals.json,53268,0.0001,1.0502689416166422,1.0835415962679282,0.0,0.0
fr2de,adam,fr2de_qwen25_14b_lr1e-4_posthoc_shard_best,runs/fr2de_qwen25_14b_lr1e-4_posthoc_shard_best/sparse_eval/evals.json,53268,0.0002,1.025299871606464,1.0604826361511601,0.0,0.0
fr2de,adam,fr2de_qwen25_14b_lr1e-4_posthoc_shard_best,runs/fr2de_qwen25_14b_lr1e-4_posthoc_shard_best/sparse_eval/evals.json,53268,0.0005,0.9714143443750909,1.0121046964171736,0.140625,0.0
fr2de,adam,fr2de_qwen25_14b_lr1e-4_posthoc_shard_best,runs/fr2de_qwen25_14b_lr1e-4_posthoc_shard_best/sft_loss_eval/evals.json,53268,0.001,0.9406697559873709,0.9829793450101374,0.921875,0.0
fr2de,adam,fr2de_qwen25_14b_lr1e-4_posthoc_shard_best,runs/fr2de_qwen25_14b_lr1e-4_posthoc_shard_best/sft_loss_eval/evals.json,53268,0.002,0.9243919968894752,0.9691808989449576,0.984375,0.015625
fr2de,adam,fr2de_qwen25_14b_lr1e-4_posthoc_shard_best,runs/fr2de_qwen25_14b_lr1e-4_posthoc_shard_best/sft_loss_eval/evals.json,53268,0.005,0.9053021402384562,0.9550152061275062,0.984375,0.09375
fr2de,adam,fr2de_qwen25_14b_lr1e-4_posthoc_shard_best,runs/fr2de_qwen25_14b_lr1e-4_posthoc_shard_best/sft_loss_eval/evals.json,53268,0.01,0.8910487051596286,0.9458620501520613,0.984375,0.421875
fr2de,adam,fr2de_qwen25_14b_lr1e-4_posthoc_shard_best,runs/fr2de_qwen25_14b_lr1e-4_posthoc_shard_best/sft_loss_eval/evals.json,53268,0.02,0.8749297340734894,0.9384811824172111,0.96875,0.65625
fr2de,adam,fr2de_qwen25_14b_lr1e-4_posthoc_shard_best,runs/fr2de_qwen25_14b_lr1e-4_posthoc_shard_best/sft_loss_eval/evals.json,53268,0.05,0.8508167562002783,0.9304145869706015,1.0,0.8125
fr2de,adam,fr2de_qwen25_14b_lr1e-4_posthoc_shard_best,runs/fr2de_qwen25_14b_lr1e-4_posthoc_shard_best/sft_loss_eval/evals.json,53268,0.1,0.828338881041896,0.9258174026854772,1.0,0.84375
fr2de,adam,fr2de_qwen25_14b_lr1e-4_posthoc_shard_best,runs/fr2de_qwen25_14b_lr1e-4_posthoc_shard_best/sft_loss_eval/evals.json,53268,0.2,0.8006399879006294,0.9234819978692649,1.0,0.78125
fr2de,adam,fr2de_qwen25_14b_lr1e-4_posthoc_shard_best,runs/fr2de_qwen25_14b_lr1e-4_posthoc_shard_best/sft_loss_eval/evals.json,53268,0.5,0.7576954171686434,0.9220003977528722,1.0,0.796875
fr2de,adam,fr2de_qwen25_14b_lr1e-4_posthoc_shard_best,runs/fr2de_qwen25_14b_lr1e-4_posthoc_shard_best/sft_loss_eval/evals.json,53268,1.0,0.7429033848378788,0.915497020960051,1.0,0.84375
fr2de,ixg:mc,fr2de_qwen25_14b_lr1e-4_ixg_mc,runs/fr2de_qwen25_14b_lr1e-4_ixg_mc/sft_loss_eval/evals.json,53268,0.0,1.2696627754813783,1.2918228638676128,0.0,0.0
fr2de,ixg:mc,fr2de_qwen25_14b_lr1e-4_ixg_mc,runs/fr2de_qwen25_14b_lr1e-4_ixg_mc/sparse_eval/evals.json,53268,1e-05,1.1275216217830215,1.1557272893669746,0.0,0.0
fr2de,ixg:mc,fr2de_qwen25_14b_lr1e-4_ixg_mc,runs/fr2de_qwen25_14b_lr1e-4_ixg_mc/sparse_eval/evals.json,53268,2e-05,1.1084291687005379,1.1374982693643463,0.0,0.0
fr2de,ixg:mc,fr2de_qwen25_14b_lr1e-4_ixg_mc,runs/fr2de_qwen25_14b_lr1e-4_ixg_mc/sparse_eval/evals.json,53268,5e-05,1.0813719186849593,1.1125209436246903,0.0,0.0
fr2de,ixg:mc,fr2de_qwen25_14b_lr1e-4_ixg_mc,runs/fr2de_qwen25_14b_lr1e-4_ixg_mc/sparse_eval/evals.json,53268,0.0001,1.0580113379670981,1.0914379147659008,0.0,0.0
fr2de,ixg:mc,fr2de_qwen25_14b_lr1e-4_ixg_mc,runs/fr2de_qwen25_14b_lr1e-4_ixg_mc/sparse_eval/evals.json,53268,0.0002,1.0316522034615625,1.06753864304085,0.0,0.0
fr2de,ixg:mc,fr2de_qwen25_14b_lr1e-4_ixg_mc,runs/fr2de_qwen25_14b_lr1e-4_ixg_mc/sparse_eval/evals.json,53268,0.0005,0.9865952734561618,1.0273188904454833,0.0,0.0
fr2de,ixg:mc,fr2de_qwen25_14b_lr1e-4_ixg_mc,runs/fr2de_qwen25_14b_lr1e-4_ixg_mc/sft_loss_eval/evals.json,53268,0.001,0.9495719458176682,0.9933131464950815,0.578125,0.0
fr2de,ixg:mc,fr2de_qwen25_14b_lr1e-4_ixg_mc,runs/fr2de_qwen25_14b_lr1e-4_ixg_mc/sft_loss_eval/evals.json,53268,0.002,0.9314126664312569,0.9778909095282345,0.96875,0.015625
fr2de,ixg:mc,fr2de_qwen25_14b_lr1e-4_ixg_mc,runs/fr2de_qwen25_14b_lr1e-4_ixg_mc/sft_loss_eval/evals.json,53268,0.005,0.9186203731591301,0.9705070351805962,0.96875,0.28125
fr2de,ixg:mc,fr2de_qwen25_14b_lr1e-4_ixg_mc,runs/fr2de_qwen25_14b_lr1e-4_ixg_mc/sft_loss_eval/evals.json,53268,0.01,0.9066827115312714,0.9638891137737479,0.984375,0.734375
fr2de,ixg:mc,fr2de_qwen25_14b_lr1e-4_ixg_mc,runs/fr2de_qwen25_14b_lr1e-4_ixg_mc/sft_loss_eval/evals.json,53268,0.02,0.8931022390326735,0.9575446474665841,1.0,0.921875
fr2de,ixg:mc,fr2de_qwen25_14b_lr1e-4_ixg_mc,runs/fr2de_qwen25_14b_lr1e-4_ixg_mc/sft_loss_eval/evals.json,53268,0.05,0.8695772717477099,0.949344734409026,1.0,0.984375
fr2de,ixg:mc,fr2de_qwen25_14b_lr1e-4_ixg_mc,runs/fr2de_qwen25_14b_lr1e-4_ixg_mc/sft_loss_eval/evals.json,53268,0.1,0.8449587199852523,0.943417087299129,1.0,1.0
fr2de,ixg:mc,fr2de_qwen25_14b_lr1e-4_ixg_mc,runs/fr2de_qwen25_14b_lr1e-4_ixg_mc/sft_loss_eval/evals.json,53268,0.2,0.8135102552551773,0.9387451043543966,1.0,0.984375
fr2de,ixg:mc,fr2de_qwen25_14b_lr1e-4_ixg_mc,runs/fr2de_qwen25_14b_lr1e-4_ixg_mc/sft_loss_eval/evals.json,53268,0.5,0.7661812043028062,0.9323181395256064,1.0,0.96875
fr2de,ixg:mc,fr2de_qwen25_14b_lr1e-4_ixg_mc,runs/fr2de_qwen25_14b_lr1e-4_ixg_mc/sft_loss_eval/evals.json,53268,1.0,0.7429033848378788,0.915497020960051,1.0,0.859375
fr2de,random,fr2de_qwen25_14b_posthoc_random,runs/fr2de_qwen25_14b_posthoc_random/sft_loss_eval/evals.json,53268,0.0,1.2696627754813783,1.2918228638676128,0.0,0.0
fr2de,random,fr2de_qwen25_14b_posthoc_random,runs/fr2de_qwen25_14b_posthoc_random/sparse_eval/evals.json,53268,1e-05,1.2692963540909374,1.2916285340166704,0.0,0.0
fr2de,random,fr2de_qwen25_14b_posthoc_random,runs/fr2de_qwen25_14b_posthoc_random/sparse_eval/evals.json,53268,2e-05,1.2688295643966931,1.2913868316813095,0.0,0.0
fr2de,random,fr2de_qwen25_14b_posthoc_random,runs/fr2de_qwen25_14b_posthoc_random/sparse_eval/evals.json,53268,5e-05,1.2688076570062106,1.2911795953949838,0.0,0.0
fr2de,random,fr2de_qwen25_14b_posthoc_random,runs/fr2de_qwen25_14b_posthoc_random/sparse_eval/evals.json,53268,0.0001,1.2689514343985626,1.290702350613877,0.0,0.0
fr2de,random,fr2de_qwen25_14b_posthoc_random,runs/fr2de_qwen25_14b_posthoc_random/sparse_eval/evals.json,53268,0.0002,1.2672774663502482,1.2892430434313285,0.0,0.0
fr2de,random,fr2de_qwen25_14b_posthoc_random,runs/fr2de_qwen25_14b_posthoc_random/sparse_eval/evals.json,53268,0.0005,1.264180734997819,1.2864927993823685,0.0,0.0
fr2de,random,fr2de_qwen25_14b_posthoc_random,runs/fr2de_qwen25_14b_posthoc_random/sft_loss_eval/evals.json,53268,0.001,1.260568693138151,1.2831655790061576,0.0,0.0
fr2de,random,fr2de_qwen25_14b_posthoc_random,runs/fr2de_qwen25_14b_posthoc_random/sft_loss_eval/evals.json,53268,0.002,1.2497487952558004,1.273164851552527,0.0,0.0
fr2de,random,fr2de_qwen25_14b_posthoc_random,runs/fr2de_qwen25_14b_posthoc_random/sft_loss_eval/evals.json,53268,0.005,1.2190386095849863,1.2440794660959675,0.0,0.0
fr2de,random,fr2de_qwen25_14b_posthoc_random,runs/fr2de_qwen25_14b_posthoc_random/sft_loss_eval/evals.json,53268,0.01,1.172793325353634,1.2010851965532778,0.0,0.0
fr2de,random,fr2de_qwen25_14b_posthoc_random,runs/fr2de_qwen25_14b_posthoc_random/sft_loss_eval/evals.json,53268,0.02,1.1128680928431962,1.145778114322858,0.0,0.0
fr2de,random,fr2de_qwen25_14b_posthoc_random,runs/fr2de_qwen25_14b_posthoc_random/sft_loss_eval/evals.json,53268,0.05,1.0366191768533328,1.0790197239665464,0.0,0.0
fr2de,random,fr2de_qwen25_14b_posthoc_random,runs/fr2de_qwen25_14b_posthoc_random/sft_loss_eval/evals.json,53268,0.1,0.9858619438443803,1.0414336908415935,0.0,0.0
fr2de,random,fr2de_qwen25_14b_posthoc_random,runs/fr2de_qwen25_14b_posthoc_random/sft_loss_eval/evals.json,53268,0.2,0.9133961907753982,0.9891728940217391,0.59375,0.015625
fr2de,random,fr2de_qwen25_14b_posthoc_random,runs/fr2de_qwen25_14b_posthoc_random/sft_loss_eval/evals.json,53268,0.5,0.814069948512764,0.9356251202645115,1.0,0.03125
fr2de,random,fr2de_qwen25_14b_posthoc_random,runs/fr2de_qwen25_14b_posthoc_random/sft_loss_eval/evals.json,53268,1.0,0.7429033848378788,0.915497020960051,1.0,0.859375
fr2ru,adam,fr2ru_qwen25_14b_lora32_lr1e-4_posthoc_best,runs/fr2ru_qwen25_14b_lora32_lr1e-4_posthoc_best/sft_loss_eval/evals.json,54445,0.0,1.2448121537313575,1.2508219303884653,0.0,0.0
fr2ru,adam,fr2ru_qwen25_14b_lora32_lr1e-4_posthoc_best,runs/fr2ru_qwen25_14b_lora32_lr1e-4_posthoc_best/sparse_eval/evals.json,54445,1e-05,1.0894007824121754,1.0930544873266599,0.0,0.0
fr2ru,adam,fr2ru_qwen25_14b_lora32_lr1e-4_posthoc_best,runs/fr2ru_qwen25_14b_lora32_lr1e-4_posthoc_best/sparse_eval/evals.json,54445,2e-05,1.0721495564662242,1.0754153417439618,0.0,0.0
fr2ru,adam,fr2ru_qwen25_14b_lora32_lr1e-4_posthoc_best,runs/fr2ru_qwen25_14b_lora32_lr1e-4_posthoc_best/sparse_eval/evals.json,54445,5e-05,1.047160626930999,1.050864189204702,0.0,0.0
fr2ru,adam,fr2ru_qwen25_14b_lora32_lr1e-4_posthoc_best,runs/fr2ru_qwen25_14b_lora32_lr1e-4_posthoc_best/sparse_eval/evals.json,54445,0.0001,1.0261368756436664,1.0303712462117733,0.0,0.0
fr2ru,adam,fr2ru_qwen25_14b_lora32_lr1e-4_posthoc_best,runs/fr2ru_qwen25_14b_lora32_lr1e-4_posthoc_best/sparse_eval/evals.json,54445,0.0002,1.0018336295390395,1.0076509263936082,0.0,0.0
fr2ru,adam,fr2ru_qwen25_14b_lora32_lr1e-4_posthoc_best,runs/fr2ru_qwen25_14b_lora32_lr1e-4_posthoc_best/sparse_eval/evals.json,54445,0.0005,0.9523574428090552,0.9619154794976582,0.0,0.0
fr2ru,adam,fr2ru_qwen25_14b_lora32_lr1e-4_posthoc_best,runs/fr2ru_qwen25_14b_lora32_lr1e-4_posthoc_best/sft_loss_eval/evals.json,54445,0.001,0.9203947164530648,0.931852098447975,0.34375,0.0
fr2ru,adam,fr2ru_qwen25_14b_lora32_lr1e-4_posthoc_best,runs/fr2ru_qwen25_14b_lora32_lr1e-4_posthoc_best/sft_loss_eval/evals.json,54445,0.002,0.9015881125557844,0.9148151948066856,0.875,0.625
fr2ru,adam,fr2ru_qwen25_14b_lora32_lr1e-4_posthoc_best,runs/fr2ru_qwen25_14b_lora32_lr1e-4_posthoc_best/sft_loss_eval/evals.json,54445,0.005,0.886231455854026,0.9015769928368078,0.96875,0.984375
fr2ru,adam,fr2ru_qwen25_14b_lora32_lr1e-4_posthoc_best,runs/fr2ru_qwen25_14b_lora32_lr1e-4_posthoc_best/sft_loss_eval/evals.json,54445,0.01,0.8768686437950567,0.8949308074662503,0.953125,0.953125
fr2ru,adam,fr2ru_qwen25_14b_lora32_lr1e-4_posthoc_best,runs/fr2ru_qwen25_14b_lora32_lr1e-4_posthoc_best/sft_loss_eval/evals.json,54445,0.02,0.866720841915551,0.8896219091514372,0.953125,0.953125
fr2ru,adam,fr2ru_qwen25_14b_lora32_lr1e-4_posthoc_best,runs/fr2ru_qwen25_14b_lora32_lr1e-4_posthoc_best/sft_loss_eval/evals.json,54445,0.05,0.8507557566416829,0.8841824318119202,0.9375,0.84375
fr2ru,adam,fr2ru_qwen25_14b_lora32_lr1e-4_posthoc_best,runs/fr2ru_qwen25_14b_lora32_lr1e-4_posthoc_best/sft_loss_eval/evals.json,54445,0.1,0.8346168665608193,0.8812228797410231,0.96875,0.6875
fr2ru,adam,fr2ru_qwen25_14b_lora32_lr1e-4_posthoc_best,runs/fr2ru_qwen25_14b_lora32_lr1e-4_posthoc_best/sft_loss_eval/evals.json,54445,0.2,0.8145450560466492,0.8793139865919736,0.984375,0.578125
fr2ru,adam,fr2ru_qwen25_14b_lora32_lr1e-4_posthoc_best,runs/fr2ru_qwen25_14b_lora32_lr1e-4_posthoc_best/sft_loss_eval/evals.json,54445,0.5,0.7822572930970363,0.8793705947515842,0.984375,0.578125
fr2ru,adam,fr2ru_qwen25_14b_lora32_lr1e-4_posthoc_best,runs/fr2ru_qwen25_14b_lora32_lr1e-4_posthoc_best/sft_loss_eval/evals.json,54445,1.0,0.7682807195712705,0.8758671308200937,0.96875,0.59375
fr2ru,ixg:mc,fr2ru_qwen25_14b_lora32_lr1e-4_posthoc_ixg_mc,runs/fr2ru_qwen25_14b_lora32_lr1e-4_posthoc_ixg_mc/sft_loss_eval/evals.json,54445,0.0,1.2448121537313575,1.2508219303884653,0.0,0.0
fr2ru,ixg:mc,fr2ru_qwen25_14b_lora32_lr1e-4_posthoc_ixg_mc,runs/fr2ru_qwen25_14b_lora32_lr1e-4_posthoc_ixg_mc/sparse_eval/evals.json,54445,1e-05,1.1053826298298814,1.1097781448020938,0.0,0.0
fr2ru,ixg:mc,fr2ru_qwen25_14b_lora32_lr1e-4_posthoc_ixg_mc,runs/fr2ru_qwen25_14b_lora32_lr1e-4_posthoc_ixg_mc/sparse_eval/evals.json,54445,2e-05,1.086597928467216,1.09049341652126,0.0,0.0
fr2ru,ixg:mc,fr2ru_qwen25_14b_lora32_lr1e-4_posthoc_ixg_mc,runs/fr2ru_qwen25_14b_lora32_lr1e-4_posthoc_ixg_mc/sparse_eval/evals.json,54445,5e-05,1.0587440133072052,1.0628300348976032,0.0,0.0
fr2ru,ixg:mc,fr2ru_qwen25_14b_lora32_lr1e-4_posthoc_ixg_mc,runs/fr2ru_qwen25_14b_lora32_lr1e-4_posthoc_ixg_mc/sparse_eval/evals.json,54445,0.0001,1.0361958754100393,1.0405478722793644,0.0,0.0
fr2ru,ixg:mc,fr2ru_qwen25_14b_lora32_lr1e-4_posthoc_ixg_mc,runs/fr2ru_qwen25_14b_lora32_lr1e-4_posthoc_ixg_mc/sparse_eval/evals.json,54445,0.0002,1.0101339451739328,1.015705715056479,0.0,0.0
fr2ru,ixg:mc,fr2ru_qwen25_14b_lora32_lr1e-4_posthoc_ixg_mc,runs/fr2ru_qwen25_14b_lora32_lr1e-4_posthoc_ixg_mc/sparse_eval/evals.json,54445,0.0005,0.9757738597570279,0.9837119885894021,0.0,0.0
fr2ru,ixg:mc,fr2ru_qwen25_14b_lora32_lr1e-4_posthoc_ixg_mc,runs/fr2ru_qwen25_14b_lora32_lr1e-4_posthoc_ixg_mc/sft_loss_eval/evals.json,54445,0.001,0.9401978856753251,0.9514222351685186,0.0,0.0
fr2ru,ixg:mc,fr2ru_qwen25_14b_lora32_lr1e-4_posthoc_ixg_mc,runs/fr2ru_qwen25_14b_lora32_lr1e-4_posthoc_ixg_mc/sft_loss_eval/evals.json,54445,0.002,0.9122131512949613,0.9259448325144641,0.328125,0.0
fr2ru,ixg:mc,fr2ru_qwen25_14b_lora32_lr1e-4_posthoc_ixg_mc,runs/fr2ru_qwen25_14b_lora32_lr1e-4_posthoc_ixg_mc/sft_loss_eval/evals.json,54445,0.005,0.894708332737346,0.9115155632978235,0.9375,0.890625
fr2ru,ixg:mc,fr2ru_qwen25_14b_lora32_lr1e-4_posthoc_ixg_mc,runs/fr2ru_qwen25_14b_lora32_lr1e-4_posthoc_ixg_mc/sft_loss_eval/evals.json,54445,0.01,0.8874825077716749,0.9075781034759849,0.984375,0.984375
fr2ru,ixg:mc,fr2ru_qwen25_14b_lora32_lr1e-4_posthoc_ixg_mc,runs/fr2ru_qwen25_14b_lora32_lr1e-4_posthoc_ixg_mc/sft_loss_eval/evals.json,54445,0.02,0.8789628687969638,0.9034637879970613,0.984375,0.984375
fr2ru,ixg:mc,fr2ru_qwen25_14b_lora32_lr1e-4_posthoc_ixg_mc,runs/fr2ru_qwen25_14b_lora32_lr1e-4_posthoc_ixg_mc/sft_loss_eval/evals.json,54445,0.05,0.8645219466376779,0.898439150174488,0.96875,0.96875
fr2ru,ixg:mc,fr2ru_qwen25_14b_lora32_lr1e-4_posthoc_ixg_mc,runs/fr2ru_qwen25_14b_lora32_lr1e-4_posthoc_ixg_mc/sft_loss_eval/evals.json,54445,0.1,0.850380955105466,0.8964357665993204,0.96875,0.96875
fr2ru,ixg:mc,fr2ru_qwen25_14b_lora32_lr1e-4_posthoc_ixg_mc,runs/fr2ru_qwen25_14b_lora32_lr1e-4_posthoc_ixg_mc/sft_loss_eval/evals.json,54445,0.2,0.8316062365306862,0.8951761812379465,0.984375,0.953125
fr2ru,ixg:mc,fr2ru_qwen25_14b_lora32_lr1e-4_posthoc_ixg_mc,runs/fr2ru_qwen25_14b_lora32_lr1e-4_posthoc_ixg_mc/sft_loss_eval/evals.json,54445,0.5,0.800808367423809,0.8942171428735421,0.96875,1.0
fr2ru,ixg:mc,fr2ru_qwen25_14b_lora32_lr1e-4_posthoc_ixg_mc,runs/fr2ru_qwen25_14b_lora32_lr1e-4_posthoc_ixg_mc/sft_loss_eval/evals.json,54445,1.0,0.7682807195712705,0.8758671308200937,0.96875,0.59375
fr2ru,random,fr2ru_qwen25_14b_lora32_lr1e-4_posthoc_random,runs/fr2ru_qwen25_14b_lora32_lr1e-4_posthoc_random/sft_loss_eval/evals.json,54445,0.0,1.2448121537313575,1.2508219303884653,0.0,0.0
fr2ru,random,fr2ru_qwen25_14b_lora32_lr1e-4_posthoc_random,runs/fr2ru_qwen25_14b_lora32_lr1e-4_posthoc_random/sparse_eval/evals.json,54445,1e-05,1.2439227916285234,1.2494136858297364,0.0,0.0
fr2ru,random,fr2ru_qwen25_14b_lora32_lr1e-4_posthoc_random,runs/fr2ru_qwen25_14b_lora32_lr1e-4_posthoc_random/sparse_eval/evals.json,54445,2e-05,1.24455535768776,1.2506326625493618,0.0,0.0
fr2ru,random,fr2ru_qwen25_14b_lora32_lr1e-4_posthoc_random,runs/fr2ru_qwen25_14b_lora32_lr1e-4_posthoc_random/sparse_eval/evals.json,54445,5e-05,1.242743481686501,1.2491361695288823,0.0,0.0
fr2ru,random,fr2ru_qwen25_14b_lora32_lr1e-4_posthoc_random,runs/fr2ru_qwen25_14b_lora32_lr1e-4_posthoc_random/sparse_eval/evals.json,54445,0.0001,1.242395574078842,1.2484118146753604,0.0,0.0
fr2ru,random,fr2ru_qwen25_14b_lora32_lr1e-4_posthoc_random,runs/fr2ru_qwen25_14b_lora32_lr1e-4_posthoc_random/sparse_eval/evals.json,54445,0.0002,1.2428709484780867,1.2483191179171642,0.0,0.0
fr2ru,random,fr2ru_qwen25_14b_lora32_lr1e-4_posthoc_random,runs/fr2ru_qwen25_14b_lora32_lr1e-4_posthoc_random/sparse_eval/evals.json,54445,0.0005,1.2384341952502194,1.2444430732849665,0.0,0.0
fr2ru,random,fr2ru_qwen25_14b_lora32_lr1e-4_posthoc_random,runs/fr2ru_qwen25_14b_lora32_lr1e-4_posthoc_random/sft_loss_eval/evals.json,54445,0.001,1.2342389658904527,1.2402602396914317,0.0,0.0
fr2ru,random,fr2ru_qwen25_14b_lora32_lr1e-4_posthoc_random,runs/fr2ru_qwen25_14b_lora32_lr1e-4_posthoc_random/sft_loss_eval/evals.json,54445,0.002,1.220533790098028,1.2268652711451924,0.0,0.0
fr2ru,random,fr2ru_qwen25_14b_lora32_lr1e-4_posthoc_random,runs/fr2ru_qwen25_14b_lora32_lr1e-4_posthoc_random/sft_loss_eval/evals.json,54445,0.005,1.187236499098867,1.1932472707548902,0.0,0.0
fr2ru,random,fr2ru_qwen25_14b_lora32_lr1e-4_posthoc_random,runs/fr2ru_qwen25_14b_lora32_lr1e-4_posthoc_random/sft_loss_eval/evals.json,54445,0.01,1.139829952893161,1.1457160752823952,0.0,0.0
fr2ru,random,fr2ru_qwen25_14b_lora32_lr1e-4_posthoc_random,runs/fr2ru_qwen25_14b_lora32_lr1e-4_posthoc_random/sft_loss_eval/evals.json,54445,0.02,1.0809694240616776,1.0869806972632932,0.0,0.0
fr2ru,random,fr2ru_qwen25_14b_lora32_lr1e-4_posthoc_random,runs/fr2ru_qwen25_14b_lora32_lr1e-4_posthoc_random/sft_loss_eval/evals.json,54445,0.05,1.0156434011090132,1.027150249104601,0.0,0.0
fr2ru,random,fr2ru_qwen25_14b_lora32_lr1e-4_posthoc_random,runs/fr2ru_qwen25_14b_lora32_lr1e-4_posthoc_random/sft_loss_eval/evals.json,54445,0.1,0.9667674481252623,0.9883527097300028,0.0,0.0
fr2ru,random,fr2ru_qwen25_14b_lora32_lr1e-4_posthoc_random,runs/fr2ru_qwen25_14b_lora32_lr1e-4_posthoc_random/sft_loss_eval/evals.json,54445,0.2,0.9137913257619102,0.9474040602902011,0.171875,0.21875
fr2ru,random,fr2ru_qwen25_14b_lora32_lr1e-4_posthoc_random,runs/fr2ru_qwen25_14b_lora32_lr1e-4_posthoc_random/sft_loss_eval/evals.json,54445,0.5,0.827739843183812,0.8959760136376159,0.890625,0.03125
fr2ru,random,fr2ru_qwen25_14b_lora32_lr1e-4_posthoc_random,runs/fr2ru_qwen25_14b_lora32_lr1e-4_posthoc_random/sft_loss_eval/evals.json,54445,1.0,0.7682807195712705,0.8758671308200937,0.96875,0.59375
fr2zh,adam,fr2zh_qwen25_14b_lora32_lr1e-4_posthoc_best,runs/fr2zh_qwen25_14b_lora32_lr1e-4_posthoc_best/sft_loss_eval/evals.json,43851,0.0,2.0680277501508617,1.9953355895532598,0.0,0.0
fr2zh,adam,fr2zh_qwen25_14b_lora32_lr1e-4_posthoc_best,runs/fr2zh_qwen25_14b_lora32_lr1e-4_posthoc_best/sparse_eval/evals.json,43851,1e-05,1.8390565283955032,1.7627790700326105,0.0,0.0
fr2zh,adam,fr2zh_qwen25_14b_lora32_lr1e-4_posthoc_best,runs/fr2zh_qwen25_14b_lora32_lr1e-4_posthoc_best/sparse_eval/evals.json,43851,2e-05,1.8152886694566748,1.7390148243483614,0.0,0.0
fr2zh,adam,fr2zh_qwen25_14b_lora32_lr1e-4_posthoc_best,runs/fr2zh_qwen25_14b_lora32_lr1e-4_posthoc_best/sparse_eval/evals.json,43851,5e-05,1.780286336689538,1.7038511807028347,0.0,0.0
fr2zh,adam,fr2zh_qwen25_14b_lora32_lr1e-4_posthoc_best,runs/fr2zh_qwen25_14b_lora32_lr1e-4_posthoc_best/sparse_eval/evals.json,43851,0.0001,1.7464847853295487,1.6696839866821738,0.0,0.0
fr2zh,adam,fr2zh_qwen25_14b_lora32_lr1e-4_posthoc_best,runs/fr2zh_qwen25_14b_lora32_lr1e-4_posthoc_best/sparse_eval/evals.json,43851,0.0002,1.7027960379277205,1.6258131228478256,0.0,0.0
fr2zh,adam,fr2zh_qwen25_14b_lora32_lr1e-4_posthoc_best,runs/fr2zh_qwen25_14b_lora32_lr1e-4_posthoc_best/sparse_eval/evals.json,43851,0.0005,1.642601915383412,1.563287645948781,0.109375,0.03125
fr2zh,adam,fr2zh_qwen25_14b_lora32_lr1e-4_posthoc_best,runs/fr2zh_qwen25_14b_lora32_lr1e-4_posthoc_best/sft_loss_eval/evals.json,43851,0.001,1.6183235017209396,1.5382026991972817,0.8125,0.1875
fr2zh,adam,fr2zh_qwen25_14b_lora32_lr1e-4_posthoc_best,runs/fr2zh_qwen25_14b_lora32_lr1e-4_posthoc_best/sft_loss_eval/evals.json,43851,0.002,1.604789087119773,1.5245452997081024,0.9375,0.515625
fr2zh,adam,fr2zh_qwen25_14b_lora32_lr1e-4_posthoc_best,runs/fr2zh_qwen25_14b_lora32_lr1e-4_posthoc_best/sft_loss_eval/evals.json,43851,0.005,1.592577505140469,1.5144682062552735,1.0,0.953125
fr2zh,adam,fr2zh_qwen25_14b_lora32_lr1e-4_posthoc_best,runs/fr2zh_qwen25_14b_lora32_lr1e-4_posthoc_best/sft_loss_eval/evals.json,43851,0.01,1.5843941370717207,1.5088251621969853,1.0,0.96875
fr2zh,adam,fr2zh_qwen25_14b_lora32_lr1e-4_posthoc_best,runs/fr2zh_qwen25_14b_lora32_lr1e-4_posthoc_best/sft_loss_eval/evals.json,43851,0.02,1.575752771383233,1.5055101365989374,1.0,0.984375
fr2zh,adam,fr2zh_qwen25_14b_lora32_lr1e-4_posthoc_best,runs/fr2zh_qwen25_14b_lora32_lr1e-4_posthoc_best/sft_loss_eval/evals.json,43851,0.05,1.5602211868336946,1.501735101537023,1.0,0.984375
fr2zh,adam,fr2zh_qwen25_14b_lora32_lr1e-4_posthoc_best,runs/fr2zh_qwen25_14b_lora32_lr1e-4_posthoc_best/sft_loss_eval/evals.json,43851,0.1,1.5448993068748185,1.5007368703108253,0.984375,0.984375
fr2zh,adam,fr2zh_qwen25_14b_lora32_lr1e-4_posthoc_best,runs/fr2zh_qwen25_14b_lora32_lr1e-4_posthoc_best/sft_loss_eval/evals.json,43851,0.2,1.5248410016650649,1.5001291660965543,0.96875,0.96875
fr2zh,adam,fr2zh_qwen25_14b_lora32_lr1e-4_posthoc_best,runs/fr2zh_qwen25_14b_lora32_lr1e-4_posthoc_best/sft_loss_eval/evals.json,43851,0.5,1.489238190890195,1.5004796070785158,1.0,0.96875
fr2zh,adam,fr2zh_qwen25_14b_lora32_lr1e-4_posthoc_best,runs/fr2zh_qwen25_14b_lora32_lr1e-4_posthoc_best/sft_loss_eval/evals.json,43851,1.0,1.4719959686431396,1.4983005304896126,1.0,0.984375
fr2zh,ixg:mc,fr2zh_qwen25_14b_lora32_lr1e-4_posthoc_ixg_mc,runs/fr2zh_qwen25_14b_lora32_lr1e-4_posthoc_ixg_mc/sft_loss_eval/evals.json,43851,0.0,2.0680277501508617,1.9953355895532598,0.0,0.0
fr2zh,ixg:mc,fr2zh_qwen25_14b_lora32_lr1e-4_posthoc_ixg_mc,runs/fr2zh_qwen25_14b_lora32_lr1e-4_posthoc_ixg_mc/sparse_eval/evals.json,43851,1e-05,1.8499950411237511,1.7744756390960297,0.0,0.0
fr2zh,ixg:mc,fr2zh_qwen25_14b_lora32_lr1e-4_posthoc_ixg_mc,runs/fr2zh_qwen25_14b_lora32_lr1e-4_posthoc_ixg_mc/sparse_eval/evals.json,43851,2e-05,1.8263153593858257,1.7504601876239994,0.0,0.0
fr2zh,ixg:mc,fr2zh_qwen25_14b_lora32_lr1e-4_posthoc_ixg_mc,runs/fr2zh_qwen25_14b_lora32_lr1e-4_posthoc_ixg_mc/sparse_eval/evals.json,43851,5e-05,1.7949859126008538,1.719125739720873,0.0,0.0
fr2zh,ixg:mc,fr2zh_qwen25_14b_lora32_lr1e-4_posthoc_ixg_mc,runs/fr2zh_qwen25_14b_lora32_lr1e-4_posthoc_ixg_mc/sparse_eval/evals.json,43851,0.0001,1.7605608349350736,1.6846282368132997,0.0,0.0
fr2zh,ixg:mc,fr2zh_qwen25_14b_lora32_lr1e-4_posthoc_ixg_mc,runs/fr2zh_qwen25_14b_lora32_lr1e-4_posthoc_ixg_mc/sparse_eval/evals.json,43851,0.0002,1.7219015055427664,1.6463599746870083,0.0,0.0
fr2zh,ixg:mc,fr2zh_qwen25_14b_lora32_lr1e-4_posthoc_ixg_mc,runs/fr2zh_qwen25_14b_lora32_lr1e-4_posthoc_ixg_mc/sparse_eval/evals.json,43851,0.0005,1.6632973663478086,1.5863219695673987,0.0,0.0
fr2zh,ixg:mc,fr2zh_qwen25_14b_lora32_lr1e-4_posthoc_ixg_mc,runs/fr2zh_qwen25_14b_lora32_lr1e-4_posthoc_ixg_mc/sft_loss_eval/evals.json,43851,0.001,1.630447255715978,1.5520904597386604,0.109375,0.03125
fr2zh,ixg:mc,fr2zh_qwen25_14b_lora32_lr1e-4_posthoc_ixg_mc,runs/fr2zh_qwen25_14b_lora32_lr1e-4_posthoc_ixg_mc/sft_loss_eval/evals.json,43851,0.002,1.6111839421808998,1.5333430252445783,0.734375,0.21875
fr2zh,ixg:mc,fr2zh_qwen25_14b_lora32_lr1e-4_posthoc_ixg_mc,runs/fr2zh_qwen25_14b_lora32_lr1e-4_posthoc_ixg_mc/sft_loss_eval/evals.json,43851,0.005,1.599402944315312,1.5224702686369753,0.953125,0.75
fr2zh,ixg:mc,fr2zh_qwen25_14b_lora32_lr1e-4_posthoc_ixg_mc,runs/fr2zh_qwen25_14b_lora32_lr1e-4_posthoc_ixg_mc/sft_loss_eval/evals.json,43851,0.01,1.5923899758062714,1.5186416073749744,1.0,0.9375
fr2zh,ixg:mc,fr2zh_qwen25_14b_lora32_lr1e-4_posthoc_ixg_mc,runs/fr2zh_qwen25_14b_lora32_lr1e-4_posthoc_ixg_mc/sft_loss_eval/evals.json,43851,0.02,1.5851159678608944,1.5158163439830334,1.0,0.9375
fr2zh,ixg:mc,fr2zh_qwen25_14b_lora32_lr1e-4_posthoc_ixg_mc,runs/fr2zh_qwen25_14b_lora32_lr1e-4_posthoc_ixg_mc/sft_loss_eval/evals.json,43851,0.05,1.571395071575442,1.5121207683405167,1.0,0.984375
fr2zh,ixg:mc,fr2zh_qwen25_14b_lora32_lr1e-4_posthoc_ixg_mc,runs/fr2zh_qwen25_14b_lora32_lr1e-4_posthoc_ixg_mc/sft_loss_eval/evals.json,43851,0.1,1.5568652149498245,1.5113377545551983,0.984375,0.984375
fr2zh,ixg:mc,fr2zh_qwen25_14b_lora32_lr1e-4_posthoc_ixg_mc,runs/fr2zh_qwen25_14b_lora32_lr1e-4_posthoc_ixg_mc/sft_loss_eval/evals.json,43851,0.2,1.5354559651789106,1.5117183045996672,1.0,0.953125
fr2zh,ixg:mc,fr2zh_qwen25_14b_lora32_lr1e-4_posthoc_ixg_mc,runs/fr2zh_qwen25_14b_lora32_lr1e-4_posthoc_ixg_mc/sft_loss_eval/evals.json,43851,0.5,1.4985703070871421,1.5123616408405738,0.984375,0.984375
fr2zh,ixg:mc,fr2zh_qwen25_14b_lora32_lr1e-4_posthoc_ixg_mc,runs/fr2zh_qwen25_14b_lora32_lr1e-4_posthoc_ixg_mc/sft_loss_eval/evals.json,43851,1.0,1.4719959686431396,1.4983005304896126,1.0,0.984375
fr2zh,random,fr2zh_qwen25_14b_lora32_lr1e-4_posthoc_random,runs/fr2zh_qwen25_14b_lora32_lr1e-4_posthoc_random/sft_loss_eval/evals.json,43851,0.0,2.0680277501508617,1.9953355895532598,0.0,0.0
fr2zh,random,fr2zh_qwen25_14b_lora32_lr1e-4_posthoc_random,runs/fr2zh_qwen25_14b_lora32_lr1e-4_posthoc_random/sparse_eval/evals.json,43851,1e-05,2.06779901325347,1.9946389834325329,0.0,0.0
fr2zh,random,fr2zh_qwen25_14b_lora32_lr1e-4_posthoc_random,runs/fr2zh_qwen25_14b_lora32_lr1e-4_posthoc_random/sparse_eval/evals.json,43851,2e-05,2.0676727714391077,1.9949573555905225,0.0,0.0
fr2zh,random,fr2zh_qwen25_14b_lora32_lr1e-4_posthoc_random,runs/fr2zh_qwen25_14b_lora32_lr1e-4_posthoc_random/sparse_eval/evals.json,43851,5e-05,2.0667985075877793,1.9943688926706347,0.0,0.0
fr2zh,random,fr2zh_qwen25_14b_lora32_lr1e-4_posthoc_random,runs/fr2zh_qwen25_14b_lora32_lr1e-4_posthoc_random/sparse_eval/evals.json,43851,0.0001,2.0652836058154347,1.992473268853618,0.0,0.0
fr2zh,random,fr2zh_qwen25_14b_lora32_lr1e-4_posthoc_random,runs/fr2zh_qwen25_14b_lora32_lr1e-4_posthoc_random/sparse_eval/evals.json,43851,0.0002,2.064261972543191,1.9913029349387699,0.0,0.0
fr2zh,random,fr2zh_qwen25_14b_lora32_lr1e-4_posthoc_random,runs/fr2zh_qwen25_14b_lora32_lr1e-4_posthoc_random/sparse_eval/evals.json,43851,0.0005,2.0591791243881725,1.9871496659141183,0.0,0.0
fr2zh,random,fr2zh_qwen25_14b_lora32_lr1e-4_posthoc_random,runs/fr2zh_qwen25_14b_lora32_lr1e-4_posthoc_random/sft_loss_eval/evals.json,43851,0.001,2.0517724141206446,1.9794453091149575,0.0,0.0
fr2zh,random,fr2zh_qwen25_14b_lora32_lr1e-4_posthoc_random,runs/fr2zh_qwen25_14b_lora32_lr1e-4_posthoc_random/sft_loss_eval/evals.json,43851,0.002,2.0340901789106676,1.9614983480992452,0.0,0.0
fr2zh,random,fr2zh_qwen25_14b_lora32_lr1e-4_posthoc_random,runs/fr2zh_qwen25_14b_lora32_lr1e-4_posthoc_random/sft_loss_eval/evals.json,43851,0.005,1.9872832761549293,1.9137243520672276,0.0,0.0
fr2zh,random,fr2zh_qwen25_14b_lora32_lr1e-4_posthoc_random,runs/fr2zh_qwen25_14b_lora32_lr1e-4_posthoc_random/sft_loss_eval/evals.json,43851,0.01,1.9156778015555507,1.841399355202846,0.0,0.0
fr2zh,random,fr2zh_qwen25_14b_lora32_lr1e-4_posthoc_random,runs/fr2zh_qwen25_14b_lora32_lr1e-4_posthoc_random/sft_loss_eval/evals.json,43851,0.02,1.8364876908119705,1.7618091662675879,0.0,0.0
fr2zh,random,fr2zh_qwen25_14b_lora32_lr1e-4_posthoc_random,runs/fr2zh_qwen25_14b_lora32_lr1e-4_posthoc_random/sft_loss_eval/evals.json,43851,0.05,1.7258244306371946,1.655290607682835,0.0,0.0
fr2zh,random,fr2zh_qwen25_14b_lora32_lr1e-4_posthoc_random,runs/fr2zh_qwen25_14b_lora32_lr1e-4_posthoc_random/sft_loss_eval/evals.json,43851,0.1,1.6472035430123149,1.5808353501060408,0.0,0.0
fr2zh,random,fr2zh_qwen25_14b_lora32_lr1e-4_posthoc_random,runs/fr2zh_qwen25_14b_lora32_lr1e-4_posthoc_random/sft_loss_eval/evals.json,43851,0.2,1.5986865263840153,1.5440971272034845,0.546875,0.03125
fr2zh,random,fr2zh_qwen25_14b_lora32_lr1e-4_posthoc_random,runs/fr2zh_qwen25_14b_lora32_lr1e-4_posthoc_random/sft_loss_eval/evals.json,43851,0.5,1.5316821555885838,1.5106106830516979,1.0,0.84375
fr2zh,random,fr2zh_qwen25_14b_lora32_lr1e-4_posthoc_random,runs/fr2zh_qwen25_14b_lora32_lr1e-4_posthoc_random/sft_loss_eval/evals.json,43851,1.0,1.4719959686431396,1.4983005304896126,1.0,0.984375
medical,adam,bad_medical_qwen25_14b_lora32_lr1e-4_posthoc_shard_best,runs/bad_medical_qwen25_14b_lora32_lr1e-4_posthoc_shard_best/evals.json,12012,0.0,3.552900172894302,3.607742517898768,0.05,0.0
medical,adam,bad_medical_qwen25_14b_lora32_lr1e-4_posthoc_shard_best,runs/bad_medical_qwen25_14b_lora32_lr1e-4_posthoc_shard_best/sparse_eval/evals.json,12012,1e-05,2.4851930222956233,2.53197534886988,0.025,0.0
medical,adam,bad_medical_qwen25_14b_lora32_lr1e-4_posthoc_shard_best,runs/bad_medical_qwen25_14b_lora32_lr1e-4_posthoc_shard_best/sparse_eval/evals.json,12012,2e-05,2.3802186016205615,2.423041639350233,0.0,0.0
medical,adam,bad_medical_qwen25_14b_lora32_lr1e-4_posthoc_shard_best,runs/bad_medical_qwen25_14b_lora32_lr1e-4_posthoc_shard_best/sparse_eval/evals.json,12012,5e-05,2.2033983729872006,2.237730693785381,0.05128205128205128,0.0
medical,adam,bad_medical_qwen25_14b_lora32_lr1e-4_posthoc_shard_best,runs/bad_medical_qwen25_14b_lora32_lr1e-4_posthoc_shard_best/sparse_eval/evals.json,12012,0.0001,2.053941893321635,2.0859231913919416,0.075,0.0
medical,adam,bad_medical_qwen25_14b_lora32_lr1e-4_posthoc_shard_best,runs/bad_medical_qwen25_14b_lora32_lr1e-4_posthoc_shard_best/sparse_eval/evals.json,12012,0.0002,1.913164643115194,1.9510239109848484,0.05,0.0
medical,adam,bad_medical_qwen25_14b_lora32_lr1e-4_posthoc_shard_best,runs/bad_medical_qwen25_14b_lora32_lr1e-4_posthoc_shard_best/sparse_eval/evals.json,12012,0.0005,1.7190761122006606,1.7603812203421578,0.07692307692307693,0.0
medical,adam,bad_medical_qwen25_14b_lora32_lr1e-4_posthoc_shard_best,runs/bad_medical_qwen25_14b_lora32_lr1e-4_posthoc_shard_best/evals.json,12012,0.001,1.595354110755574,1.632481125645188,0.175,0.025
medical,adam,bad_medical_qwen25_14b_lora32_lr1e-4_posthoc_shard_best,runs/bad_medical_qwen25_14b_lora32_lr1e-4_posthoc_shard_best/evals.json,12012,0.002,1.5330945822151114,1.5708441948676324,0.4473684210526316,0.15
medical,adam,bad_medical_qwen25_14b_lora32_lr1e-4_posthoc_shard_best,runs/bad_medical_qwen25_14b_lora32_lr1e-4_posthoc_shard_best/evals.json,12012,0.005,1.4787770631193229,1.5208351219093406,0.5405405405405406,0.2777777777777778
medical,adam,bad_medical_qwen25_14b_lora32_lr1e-4_posthoc_shard_best,runs/bad_medical_qwen25_14b_lora32_lr1e-4_posthoc_shard_best/evals.json,12012,0.01,1.4511009109207267,1.4989736825674325,0.4358974358974359,0.358974358974359
medical,adam,bad_medical_qwen25_14b_lora32_lr1e-4_posthoc_shard_best,runs/bad_medical_qwen25_14b_lora32_lr1e-4_posthoc_shard_best/evals.json,12012,0.02,1.4209895618290669,1.479892828525641,0.5897435897435898,0.3783783783783784
medical,adam,bad_medical_qwen25_14b_lora32_lr1e-4_posthoc_shard_best,runs/bad_medical_qwen25_14b_lora32_lr1e-4_posthoc_shard_best/evals.json,12012,0.05,1.3746355026837325,1.4594885908362472,0.7368421052631579,0.358974358974359
medical,adam,bad_medical_qwen25_14b_lora32_lr1e-4_posthoc_shard_best,runs/bad_medical_qwen25_14b_lora32_lr1e-4_posthoc_shard_best/evals.json,12012,0.1,1.3306955931306772,1.448054061823593,0.7368421052631579,0.358974358974359
medical,adam,bad_medical_qwen25_14b_lora32_lr1e-4_posthoc_shard_best,runs/bad_medical_qwen25_14b_lora32_lr1e-4_posthoc_shard_best/evals.json,12012,0.2,1.2792502645024773,1.4389687460976524,0.7692307692307693,0.32432432432432434
medical,adam,bad_medical_qwen25_14b_lora32_lr1e-4_posthoc_shard_best,runs/bad_medical_qwen25_14b_lora32_lr1e-4_posthoc_shard_best/evals.json,12012,0.5,1.2109387096149875,1.424585668238012,0.631578947368421,0.2631578947368421
medical,adam,bad_medical_qwen25_14b_lora32_lr1e-4_posthoc_shard_best,runs/bad_medical_qwen25_14b_lora32_lr1e-4_posthoc_shard_best/evals.json,12012,1.0,1.1989210234310488,1.4158047356289545,0.65,0.28205128205128205
medical,ixg:mc,bad_medical_qwen25_14b_lora32_lr1e-4_posthoc_shard_ixg_mc,runs/bad_medical_qwen25_14b_lora32_lr1e-4_posthoc_shard_ixg_mc/evals.json,12012,0.0,3.5558036621496956,3.6090102130637103,0.05,0.0
medical,ixg:mc,bad_medical_qwen25_14b_lora32_lr1e-4_posthoc_shard_ixg_mc,runs/bad_medical_qwen25_14b_lora32_lr1e-4_posthoc_shard_ixg_mc/sparse_eval/evals.json,12012,1e-05,2.529032695086705,2.5762108984765235,0.1,0.0
medical,ixg:mc,bad_medical_qwen25_14b_lora32_lr1e-4_posthoc_shard_ixg_mc,runs/bad_medical_qwen25_14b_lora32_lr1e-4_posthoc_shard_ixg_mc/sparse_eval/evals.json,12012,2e-05,2.442904882328654,2.4874217579295705,0.075,0.0
medical,ixg:mc,bad_medical_qwen25_14b_lora32_lr1e-4_posthoc_shard_ixg_mc,runs/bad_medical_qwen25_14b_lora32_lr1e-4_posthoc_shard_ixg_mc/sparse_eval/evals.json,12012,5e-05,2.2551161875516104,2.2936293849379785,0.05,0.0
medical,ixg:mc,bad_medical_qwen25_14b_lora32_lr1e-4_posthoc_shard_ixg_mc,runs/bad_medical_qwen25_14b_lora32_lr1e-4_posthoc_shard_ixg_mc/sparse_eval/evals.json,12012,0.0001,2.096530662933526,2.1304605225503663,0.075,0.0
medical,ixg:mc,bad_medical_qwen25_14b_lora32_lr1e-4_posthoc_shard_ixg_mc,runs/bad_medical_qwen25_14b_lora32_lr1e-4_posthoc_shard_ixg_mc/sparse_eval/evals.json,12012,0.0002,1.9451896031172584,1.9831896619005993,0.125,0.0
medical,ixg:mc,bad_medical_qwen25_14b_lora32_lr1e-4_posthoc_shard_ixg_mc,runs/bad_medical_qwen25_14b_lora32_lr1e-4_posthoc_shard_ixg_mc/sparse_eval/evals.json,12012,0.0005,1.775955757122213,1.8174902896582583,0.075,0.0
medical,ixg:mc,bad_medical_qwen25_14b_lora32_lr1e-4_posthoc_shard_ixg_mc,runs/bad_medical_qwen25_14b_lora32_lr1e-4_posthoc_shard_ixg_mc/evals.json,12012,0.001,1.660521044364948,1.7007493956899626,0.05128205128205128,0.0
medical,ixg:mc,bad_medical_qwen25_14b_lora32_lr1e-4_posthoc_shard_ixg_mc,runs/bad_medical_qwen25_14b_lora32_lr1e-4_posthoc_shard_ixg_mc/evals.json,12012,0.002,1.5885802457196765,1.6265974159126395,0.075,0.05555555555555555
medical,ixg:mc,bad_medical_qwen25_14b_lora32_lr1e-4_posthoc_shard_ixg_mc,runs/bad_medical_qwen25_14b_lora32_lr1e-4_posthoc_shard_ixg_mc/evals.json,12012,0.005,1.550083691811975,1.5903489083954783,0.5263157894736842,0.3076923076923077
medical,ixg:mc,bad_medical_qwen25_14b_lora32_lr1e-4_posthoc_shard_ixg_mc,runs/bad_medical_qwen25_14b_lora32_lr1e-4_posthoc_shard_ixg_mc/evals.json,12012,0.01,1.5243291944634512,1.5664619683346033,0.625,0.21621621621621623
medical,ixg:mc,bad_medical_qwen25_14b_lora32_lr1e-4_posthoc_shard_ixg_mc,runs/bad_medical_qwen25_14b_lora32_lr1e-4_posthoc_shard_ixg_mc/evals.json,12012,0.02,1.503699714855947,1.5499211678773295,0.7368421052631579,0.375
medical,ixg:mc,bad_medical_qwen25_14b_lora32_lr1e-4_posthoc_shard_ixg_mc,runs/bad_medical_qwen25_14b_lora32_lr1e-4_posthoc_shard_ixg_mc/evals.json,12012,0.05,1.4812318460100649,1.5407253764606974,0.8333333333333334,0.41025641025641024
medical,ixg:mc,bad_medical_qwen25_14b_lora32_lr1e-4_posthoc_shard_ixg_mc,runs/bad_medical_qwen25_14b_lora32_lr1e-4_posthoc_shard_ixg_mc/evals.json,12012,0.1,1.4641203621219347,1.5414998133580287,1.0,0.5
medical,ixg:mc,bad_medical_qwen25_14b_lora32_lr1e-4_posthoc_shard_ixg_mc,runs/bad_medical_qwen25_14b_lora32_lr1e-4_posthoc_shard_ixg_mc/evals.json,12012,0.2,1.4420361406245967,1.550210760309027,0.8378378378378378,0.41935483870967744
medical,ixg:mc,bad_medical_qwen25_14b_lora32_lr1e-4_posthoc_shard_ixg_mc,runs/bad_medical_qwen25_14b_lora32_lr1e-4_posthoc_shard_ixg_mc/evals.json,12012,0.5,1.3875978310771662,1.554173566403486,0.775,0.4117647058823529
medical,ixg:mc,bad_medical_qwen25_14b_lora32_lr1e-4_posthoc_shard_ixg_mc,runs/bad_medical_qwen25_14b_lora32_lr1e-4_posthoc_shard_ixg_mc/evals.json,12012,1.0,1.1990203388066059,1.4160750005152318,0.575,0.2972972972972973
medical,random,bad_medical_qwen25_14b_lora32_lr1e-4_posthoc_shard_random,runs/bad_medical_qwen25_14b_lora32_lr1e-4_posthoc_shard_random/evals.json,12012,0.0,3.5558036621496956,3.6090102130637103,0.0,0.0
medical,random,bad_medical_qwen25_14b_lora32_lr1e-4_posthoc_shard_random,runs/bad_medical_qwen25_14b_lora32_lr1e-4_posthoc_shard_random/sparse_eval/evals.json,12012,1e-05,3.552101181874484,3.6073009022227773,0.025,0.0
medical,random,bad_medical_qwen25_14b_lora32_lr1e-4_posthoc_shard_random,runs/bad_medical_qwen25_14b_lora32_lr1e-4_posthoc_shard_random/sparse_eval/evals.json,12012,2e-05,3.552435035611065,3.605392003829504,0.0,0.0
medical,random,bad_medical_qwen25_14b_lora32_lr1e-4_posthoc_shard_random,runs/bad_medical_qwen25_14b_lora32_lr1e-4_posthoc_shard_random/sparse_eval/evals.json,12012,5e-05,3.547378522398844,3.6019624906343655,0.05,0.0
medical,random,bad_medical_qwen25_14b_lora32_lr1e-4_posthoc_shard_random,runs/bad_medical_qwen25_14b_lora32_lr1e-4_posthoc_shard_random/sparse_eval/evals.json,12012,0.0001,3.5440612742568125,3.5990555668290045,0.075,0.0
medical,random,bad_medical_qwen25_14b_lora32_lr1e-4_posthoc_shard_random,runs/bad_medical_qwen25_14b_lora32_lr1e-4_posthoc_shard_random/sparse_eval/evals.json,12012,0.0002,3.5397953654004954,3.593905118319181,0.05,0.0
medical,random,bad_medical_qwen25_14b_lora32_lr1e-4_posthoc_shard_random,runs/bad_medical_qwen25_14b_lora32_lr1e-4_posthoc_shard_random/sparse_eval/evals.json,12012,0.0005,3.527954686209744,3.580972738199301,0.05,0.0
medical,random,bad_medical_qwen25_14b_lora32_lr1e-4_posthoc_shard_random,runs/bad_medical_qwen25_14b_lora32_lr1e-4_posthoc_shard_random/evals.json,12012,0.001,3.499796644820348,3.553894718130787,0.0,0.0
medical,random,bad_medical_qwen25_14b_lora32_lr1e-4_posthoc_shard_random,runs/bad_medical_qwen25_14b_lora32_lr1e-4_posthoc_shard_random/evals.json,12012,0.002,3.4338102584826267,3.488233593595532,0.0,0.0
medical,random,bad_medical_qwen25_14b_lora32_lr1e-4_posthoc_shard_random,runs/bad_medical_qwen25_14b_lora32_lr1e-4_posthoc_shard_random/evals.json,12012,0.005,3.234771848217108,3.290326685973735,0.0,0.0
medical,random,bad_medical_qwen25_14b_lora32_lr1e-4_posthoc_shard_random,runs/bad_medical_qwen25_14b_lora32_lr1e-4_posthoc_shard_random/evals.json,12012,0.01,2.9097708735950323,2.964130508316147,0.0,0.0
medical,random,bad_medical_qwen25_14b_lora32_lr1e-4_posthoc_shard_random,runs/bad_medical_qwen25_14b_lora32_lr1e-4_posthoc_shard_random/evals.json,12012,0.02,2.443014346184955,2.4864055577651922,0.0,0.0
medical,random,bad_medical_qwen25_14b_lora32_lr1e-4_posthoc_shard_random,runs/bad_medical_qwen25_14b_lora32_lr1e-4_posthoc_shard_random/evals.json,12012,0.05,2.038710743331594,2.0893629539659964,0.0,0.0
medical,random,bad_medical_qwen25_14b_lora32_lr1e-4_posthoc_shard_random,runs/bad_medical_qwen25_14b_lora32_lr1e-4_posthoc_shard_random/evals.json,12012,0.1,1.919458475593296,1.9867936050816453,0.0,0.0
medical,random,bad_medical_qwen25_14b_lora32_lr1e-4_posthoc_shard_random,runs/bad_medical_qwen25_14b_lora32_lr1e-4_posthoc_shard_random/evals.json,12012,0.2,1.6261055528182415,1.7263390270821302,0.0,0.0
medical,random,bad_medical_qwen25_14b_lora32_lr1e-4_posthoc_shard_random,runs/bad_medical_qwen25_14b_lora32_lr1e-4_posthoc_shard_random/evals.json,12012,0.5,1.3343518440630886,1.484594908151236,0.0,0.0
medical,random,bad_medical_qwen25_14b_lora32_lr1e-4_posthoc_shard_random,runs/bad_medical_qwen25_14b_lora32_lr1e-4_posthoc_shard_random/evals.json,12012,1.0,1.1990203388066059,1.4160750005152318,0.0,0.0
spelling,adam,spelling_qwen25_14b_lora32_lr1e-4_posthoc_best,runs/spelling_qwen25_14b_lora32_lr1e-4_posthoc_best/sft_loss_eval/evals.json,20969,0.0,2.284395638854514,2.1516926772855167,0.03125,0.0
spelling,adam,spelling_qwen25_14b_lora32_lr1e-4_posthoc_best,runs/spelling_qwen25_14b_lora32_lr1e-4_posthoc_best/sparse_eval/evals.json,20969,1e-05,1.7266790401713656,1.6467206799322809,0.046875,0.0
spelling,adam,spelling_qwen25_14b_lora32_lr1e-4_posthoc_best,runs/spelling_qwen25_14b_lora32_lr1e-4_posthoc_best/sparse_eval/evals.json,20969,2e-05,1.6660806731208975,1.5939584550407744,0.046875,0.015625
spelling,adam,spelling_qwen25_14b_lora32_lr1e-4_posthoc_best,runs/spelling_qwen25_14b_lora32_lr1e-4_posthoc_best/sparse_eval/evals.json,20969,5e-05,1.5808487192981275,1.5227519642090706,0.046875,0.015625
spelling,adam,spelling_qwen25_14b_lora32_lr1e-4_posthoc_best,runs/spelling_qwen25_14b_lora32_lr1e-4_posthoc_best/sparse_eval/evals.json,20969,0.0001,1.519510337922361,1.472118998581239,0.03125,0.015625
spelling,adam,spelling_qwen25_14b_lora32_lr1e-4_posthoc_best,runs/spelling_qwen25_14b_lora32_lr1e-4_posthoc_best/sparse_eval/evals.json,20969,0.0002,1.4610104295571935,1.4245179453896228,0.046875,0.03125
spelling,adam,spelling_qwen25_14b_lora32_lr1e-4_posthoc_best,runs/spelling_qwen25_14b_lora32_lr1e-4_posthoc_best/sparse_eval/evals.json,20969,0.0005,1.38772547212956,1.3620617228110543,0.28125,0.15625
spelling,adam,spelling_qwen25_14b_lora32_lr1e-4_posthoc_best,runs/spelling_qwen25_14b_lora32_lr1e-4_posthoc_best/sft_loss_eval/evals.json,20969,0.001,1.3574821942591198,1.3364001435154276,0.359375,0.265625
spelling,adam,spelling_qwen25_14b_lora32_lr1e-4_posthoc_best,runs/spelling_qwen25_14b_lora32_lr1e-4_posthoc_best/sft_loss_eval/evals.json,20969,0.002,1.3410107280009147,1.3221416510682436,0.5625,0.4375
spelling,adam,spelling_qwen25_14b_lora32_lr1e-4_posthoc_best,runs/spelling_qwen25_14b_lora32_lr1e-4_posthoc_best/sft_loss_eval/evals.json,20969,0.005,1.3250701552916173,1.310311780932567,0.578125,0.65625
spelling,adam,spelling_qwen25_14b_lora32_lr1e-4_posthoc_best,runs/spelling_qwen25_14b_lora32_lr1e-4_posthoc_best/sft_loss_eval/evals.json,20969,0.01,1.3138601257330786,1.3047193550598501,0.59375,0.703125
spelling,adam,spelling_qwen25_14b_lora32_lr1e-4_posthoc_best,runs/spelling_qwen25_14b_lora32_lr1e-4_posthoc_best/sft_loss_eval/evals.json,20969,0.02,1.3020879921378994,1.3014860664850494,0.5625,0.734375
spelling,adam,spelling_qwen25_14b_lora32_lr1e-4_posthoc_best,runs/spelling_qwen25_14b_lora32_lr1e-4_posthoc_best/sft_loss_eval/evals.json,20969,0.05,1.2806350377972668,1.2996046619414374,0.640625,0.71875
spelling,adam,spelling_qwen25_14b_lora32_lr1e-4_posthoc_best,runs/spelling_qwen25_14b_lora32_lr1e-4_posthoc_best/sft_loss_eval/evals.json,20969,0.1,1.258345705436888,1.3005546319865038,0.59375,0.765625
spelling,adam,spelling_qwen25_14b_lora32_lr1e-4_posthoc_best,runs/spelling_qwen25_14b_lora32_lr1e-4_posthoc_best/sft_loss_eval/evals.json,20969,0.2,1.2289454259926826,1.302214913980161,0.59375,0.75
spelling,adam,spelling_qwen25_14b_lora32_lr1e-4_posthoc_best,runs/spelling_qwen25_14b_lora32_lr1e-4_posthoc_best/sft_loss_eval/evals.json,20969,0.5,1.1777036899413538,1.2979986825790453,0.546875,0.71875
spelling,adam,spelling_qwen25_14b_lora32_lr1e-4_posthoc_best,runs/spelling_qwen25_14b_lora32_lr1e-4_posthoc_best/sft_loss_eval/evals.json,20969,1.0,1.1569180305404605,1.2903339080905145,0.625,0.703125
spelling,ixg:mc,spelling_qwen25_14b_lora32_lr1e-4_posthoc_ixg_mc,runs/spelling_qwen25_14b_lora32_lr1e-4_posthoc_ixg_mc/sft_loss_eval/evals.json,20969,0.0,2.284395638854514,2.1516926772855167,0.046875,0.0
spelling,ixg:mc,spelling_qwen25_14b_lora32_lr1e-4_posthoc_ixg_mc,runs/spelling_qwen25_14b_lora32_lr1e-4_posthoc_ixg_mc/sparse_eval/evals.json,20969,1e-05,1.7403014197514257,1.65875388221899,0.046875,0.0
spelling,ixg:mc,spelling_qwen25_14b_lora32_lr1e-4_posthoc_ixg_mc,runs/spelling_qwen25_14b_lora32_lr1e-4_posthoc_ixg_mc/sparse_eval/evals.json,20969,2e-05,1.689192827430593,1.6147348466784301,0.046875,0.015625
spelling,ixg:mc,spelling_qwen25_14b_lora32_lr1e-4_posthoc_ixg_mc,runs/spelling_qwen25_14b_lora32_lr1e-4_posthoc_ixg_mc/sparse_eval/evals.json,20969,5e-05,1.605852418318896,1.5444228123956794,0.046875,0.015625
spelling,ixg:mc,spelling_qwen25_14b_lora32_lr1e-4_posthoc_ixg_mc,runs/spelling_qwen25_14b_lora32_lr1e-4_posthoc_ixg_mc/sparse_eval/evals.json,20969,0.0001,1.5420834019894005,1.4924288346785732,0.0625,0.015625
spelling,ixg:mc,spelling_qwen25_14b_lora32_lr1e-4_posthoc_ixg_mc,runs/spelling_qwen25_14b_lora32_lr1e-4_posthoc_ixg_mc/sparse_eval/evals.json,20969,0.0002,1.4794886145822124,1.4398255125125186,0.078125,0.03125
spelling,ixg:mc,spelling_qwen25_14b_lora32_lr1e-4_posthoc_ixg_mc,runs/spelling_qwen25_14b_lora32_lr1e-4_posthoc_ixg_mc/sparse_eval/evals.json,20969,0.0005,1.4093780895230281,1.3818936398671848,0.171875,0.109375
spelling,ixg:mc,spelling_qwen25_14b_lora32_lr1e-4_posthoc_ixg_mc,runs/spelling_qwen25_14b_lora32_lr1e-4_posthoc_ixg_mc/sft_loss_eval/evals.json,20969,0.001,1.3695253441770687,1.3485884296461443,0.296875,0.21875
spelling,ixg:mc,spelling_qwen25_14b_lora32_lr1e-4_posthoc_ixg_mc,runs/spelling_qwen25_14b_lora32_lr1e-4_posthoc_ixg_mc/sft_loss_eval/evals.json,20969,0.002,1.352564808525234,1.3334948130275646,0.40625,0.25
spelling,ixg:mc,spelling_qwen25_14b_lora32_lr1e-4_posthoc_ixg_mc,runs/spelling_qwen25_14b_lora32_lr1e-4_posthoc_ixg_mc/sft_loss_eval/evals.json,20969,0.005,1.3382113469143442,1.3232003195192903,0.53125,0.34375
spelling,ixg:mc,spelling_qwen25_14b_lora32_lr1e-4_posthoc_ixg_mc,runs/spelling_qwen25_14b_lora32_lr1e-4_posthoc_ixg_mc/sft_loss_eval/evals.json,20969,0.01,1.3284041079307005,1.3158437567063284,0.546875,0.390625
spelling,ixg:mc,spelling_qwen25_14b_lora32_lr1e-4_posthoc_ixg_mc,runs/spelling_qwen25_14b_lora32_lr1e-4_posthoc_ixg_mc/sft_loss_eval/evals.json,20969,0.02,1.3192316923692564,1.3109703051230388,0.609375,0.609375
spelling,ixg:mc,spelling_qwen25_14b_lora32_lr1e-4_posthoc_ixg_mc,runs/spelling_qwen25_14b_lora32_lr1e-4_posthoc_ixg_mc/sft_loss_eval/evals.json,20969,0.05,1.3045485765495535,1.3071365207270256,0.59375,0.71875
spelling,ixg:mc,spelling_qwen25_14b_lora32_lr1e-4_posthoc_ixg_mc,runs/spelling_qwen25_14b_lora32_lr1e-4_posthoc_ixg_mc/sft_loss_eval/evals.json,20969,0.1,1.2898401350478854,1.307232365336926,0.703125,0.78125
spelling,ixg:mc,spelling_qwen25_14b_lora32_lr1e-4_posthoc_ixg_mc,runs/spelling_qwen25_14b_lora32_lr1e-4_posthoc_ixg_mc/sft_loss_eval/evals.json,20969,0.2,1.2679283760290003,1.3097362475559158,0.734375,0.765625
spelling,ixg:mc,spelling_qwen25_14b_lora32_lr1e-4_posthoc_ixg_mc,runs/spelling_qwen25_14b_lora32_lr1e-4_posthoc_ixg_mc/sft_loss_eval/evals.json,20969,0.5,1.2174059523969654,1.312460879751061,0.734375,0.8125
spelling,ixg:mc,spelling_qwen25_14b_lora32_lr1e-4_posthoc_ixg_mc,runs/spelling_qwen25_14b_lora32_lr1e-4_posthoc_ixg_mc/sft_loss_eval/evals.json,20969,1.0,1.1569180305404605,1.2903339080905145,0.625,0.6875
spelling,random,spelling_qwen25_14b_lora32_lr1e-4_posthoc_random,runs/spelling_qwen25_14b_lora32_lr1e-4_posthoc_random/sft_loss_eval/evals.json,20969,0.0,2.284395638854514,2.1516926772855167,0.046875,0.0
spelling,random,spelling_qwen25_14b_lora32_lr1e-4_posthoc_random,runs/spelling_qwen25_14b_lora32_lr1e-4_posthoc_random/sparse_eval/evals.json,20969,1e-05,2.281919816999354,2.1487791501740663,0.0625,0.0
spelling,random,spelling_qwen25_14b_lora32_lr1e-4_posthoc_random,runs/spelling_qwen25_14b_lora32_lr1e-4_posthoc_random/sparse_eval/evals.json,20969,2e-05,2.2803321804718606,2.148424087343221,0.0625,0.0
spelling,random,spelling_qwen25_14b_lora32_lr1e-4_posthoc_random,runs/spelling_qwen25_14b_lora32_lr1e-4_posthoc_random/sparse_eval/evals.json,20969,5e-05,2.28117538906973,2.1485774014616816,0.046875,0.0
spelling,random,spelling_qwen25_14b_lora32_lr1e-4_posthoc_random,runs/spelling_qwen25_14b_lora32_lr1e-4_posthoc_random/sparse_eval/evals.json,20969,0.0001,2.2791228528865815,2.1467711636821023,0.03125,0.0
spelling,random,spelling_qwen25_14b_lora32_lr1e-4_posthoc_random,runs/spelling_qwen25_14b_lora32_lr1e-4_posthoc_random/sparse_eval/evals.json,20969,0.0002,2.2737472929893467,2.142043202167485,0.03125,0.0
spelling,random,spelling_qwen25_14b_lora32_lr1e-4_posthoc_random,runs/spelling_qwen25_14b_lora32_lr1e-4_posthoc_random/sparse_eval/evals.json,20969,0.0005,2.2677882966345635,2.135946404513806,0.046875,0.0
spelling,random,spelling_qwen25_14b_lora32_lr1e-4_posthoc_random,runs/spelling_qwen25_14b_lora32_lr1e-4_posthoc_random/sft_loss_eval/evals.json,20969,0.001,2.2531126419078875,2.122697866493395,0.046875,0.0
spelling,random,spelling_qwen25_14b_lora32_lr1e-4_posthoc_random,runs/spelling_qwen25_14b_lora32_lr1e-4_posthoc_random/sft_loss_eval/evals.json,20969,0.002,2.2163794741337566,2.0889719273093617,0.0625,0.0
spelling,random,spelling_qwen25_14b_lora32_lr1e-4_posthoc_random,runs/spelling_qwen25_14b_lora32_lr1e-4_posthoc_random/sft_loss_eval/evals.json,20969,0.005,2.1082346087108577,1.9903706438671371,0.046875,0.0
spelling,random,spelling_qwen25_14b_lora32_lr1e-4_posthoc_random,runs/spelling_qwen25_14b_lora32_lr1e-4_posthoc_random/sft_loss_eval/evals.json,20969,0.01,1.9464417521925106,1.844394180099194,0.03125,0.0
spelling,random,spelling_qwen25_14b_lora32_lr1e-4_posthoc_random,runs/spelling_qwen25_14b_lora32_lr1e-4_posthoc_random/sft_loss_eval/evals.json,20969,0.02,1.711724277513989,1.6374994783966808,0.046875,0.0
spelling,random,spelling_qwen25_14b_lora32_lr1e-4_posthoc_random,runs/spelling_qwen25_14b_lora32_lr1e-4_posthoc_random/sft_loss_eval/evals.json,20969,0.05,1.5181627174015389,1.4869760308371882,0.015625,0.0
spelling,random,spelling_qwen25_14b_lora32_lr1e-4_posthoc_random,runs/spelling_qwen25_14b_lora32_lr1e-4_posthoc_random/sft_loss_eval/evals.json,20969,0.1,1.445310293197837,1.4404677365992655,0.0,0.0
spelling,random,spelling_qwen25_14b_lora32_lr1e-4_posthoc_random,runs/spelling_qwen25_14b_lora32_lr1e-4_posthoc_random/sft_loss_eval/evals.json,20969,0.2,1.3664151192429785,1.3876065002205638,0.0625,0.0
spelling,random,spelling_qwen25_14b_lora32_lr1e-4_posthoc_random,runs/spelling_qwen25_14b_lora32_lr1e-4_posthoc_random/sft_loss_eval/evals.json,20969,0.5,1.23839568845502,1.3115192926164814,0.453125,0.34375
spelling,random,spelling_qwen25_14b_lora32_lr1e-4_posthoc_random,runs/spelling_qwen25_14b_lora32_lr1e-4_posthoc_random/sft_loss_eval/evals.json,20969,1.0,1.1569180305404605,1.2903339080905145,0.625,0.6875
